Event Sequence Number,Movement ID,Timestamp,Event Type,Container ID,Container Number,ISO Code,Size (TEU),Container Type,Load Status,Weight (MT),Weight Class,Yard Zone Type,Shipping Bill Number,Vessel ID,Voyage ID,POD,POD Priority,Expected Voyage DateTime,Actual Voyage DateTime,Cutoff DateTime,Type,Movement Type,From Location Type,From Location ID,To Location Type,To Location ID,Block ID,Stack ID,Tier Level,Equipment ID,Equipment Type,Stack Height After Move,Operator ID,Job ID,Planned Timestamp,Actual Timestamp,Delay Minutes,Exception Flag,Exception Reason,Reason for Movement,Container Status After Event,Dwell Time Since Last Event (min),Move Intent,Optimality Tag,Rehandle Flag,Rehandle Count,Total Dwell Time (min),Yard Utilization %,Block Utilization %,Congestion Level
1,MOV-116DA83603,2025-01-15 05:51:16,Gate In,CNT-0034,CMAU2682396,45G1,2,Dry,Full,24.4,Heavy,Sea-Side,SB268546,V007,VOY-2501-KOC-07,Kochi,3,2025-01-18 09:28:00,2025-01-18 09:26:00,2025-01-18 14:28:00,export_container,Gate In,Gate,GATE-2,Yard,Sea-Side,N/A,N/A,0,TT-10,internal truck,0,OP-012,JOB-17B6709E,2025-01-15 05:51:00,2025-01-15 05:51:16,0,0,N/A,Export cargo arrival from CFS/ICD,In Transit,0,Planned,Optimal,0,0,0,61.9,24.8,Medium
2,MOV-DE24FBFCC8,2025-01-15 06:16:52,Yard In,CNT-0034,CMAU2682396,45G1,2,Dry,Full,24.4,Heavy,Sea-Side,SB268546,V007,VOY-2501-KOC-07,Kochi,3,2025-01-18 09:28:00,2025-01-18 09:20:00,2025-01-18 14:28:00,export_container,Yard In,Yard,Sea-Side,Block,SS4-B5-17-03-1,SS4-B5,17-03,1,TT-10,internal truck,0,OP-016,JOB-17B6709E,2025-01-15 06:16:00,2025-01-15 06:16:52,0,0,N/A,Initial yard positioning,In Transit,25,Planned,Optimal,0,0,25,63.6,24.8,Medium
3,MOV-4B44EA8694,2025-01-15 06:28:15,Stack,CNT-0034,CMAU2682396,45G1,2,Dry,Full,24.4,Heavy,Sea-Side,SB268546,V007,VOY-2501-KOC-07,Kochi,3,2025-01-18 09:28:00,2025-01-18 10:21:00,2025-01-18 14:28:00,export_container,Stack,Block,SS4-B5-17-03-1,Block,SS5-B3-07-01-2,SS5-B3,07-01,2,RTG-03,RTG,2,OP-001,JOB-17B6709E,2025-01-15 06:28:00,2025-01-15 06:28:15,0,0,N/A,Yard stacking for storage,In Yard,12,Planned,Suboptimal,0,0,37,60.2,22,Medium
4,MOV-18DE84667F,2025-01-15 07:18:00,Pre-Staging,CNT-0034,CMAU2682396,45G1,2,Dry,Full,24.4,Heavy,Sea-Side,SB268546,V007,VOY-2501-KOC-07,Kochi,3,2025-01-18 09:28:00,2025-01-18 10:28:00,2025-01-18 14:28:00,export_container,Yard Out,Block,SS5-B3-07-01-2,Block,SS4-B3-13-04-2,SS4-B3,13-04,2,RTG-03,RTG,2,OP-003,JOB-17B6709E,2025-01-15 07:18:00,2025-01-15 07:18:00,0,0,N/A,Vessel cutoff preparation - VOY-2501-KOC-07,In Yard,50,Planned,Optimal,0,0,87,57.3,55.7,Low
5,MOV-18F52F0B20,2025-01-15 08:02:22,Vessel Load,CNT-0034,CMAU2682396,45G1,2,Dry,Full,24.4,Heavy,Sea-Side,SB268546,V007,VOY-2501-KOC-07,Kochi,3,2025-01-18 09:28:00,2025-01-18 09:33:00,2025-01-18 14:28:00,export_container,Vessel Load,Block,SS4-B3-13-04-2,Vessel,V007,SS4-B3,N/A,0,QC-03,QC,0,OP-008,JOB-17B6709E,2025-01-15 08:02:00,2025-01-15 08:02:22,0,0,N/A,Loading to Kochi service,Loaded,44,Planned,Optimal,0,0,131,64.6,69.7,Medium
6,MOV-54472769B8,2025-01-15 13:46:03,Gate In,CNT-0010,EGLV8926478,42G1,2,Dry,Full,29.7,Heavy,Sea-Side,SB368355,V003,VOY-2501-KOC-03,Kochi,3,2025-01-15 14:05:00,2025-01-15 14:05:00,2025-01-15 19:05:00,export_container,Gate In,Gate,GATE-5,Yard,Sea-Side,N/A,N/A,0,TT-05,internal truck,0,OP-014,JOB-2521DEDE,2025-01-15 13:46:00,2025-01-15 13:46:03,0,0,N/A,Export cargo arrival from CFS/ICD,In Transit,0,Planned,Optimal,0,0,0,54.3,24.8,Low
7,MOV-A1F3B8F6AF,2025-01-15 14:42:41,Gate In,CNT-0027,EGLV3690622,42G0,2,Dry,Full,13.6,Medium,Sea-Side,SB804258,V002,VOY-2501-JNPT-02,JNPT,2,2025-01-15 09:08:00,2025-01-15 09:07:00,2025-01-15 15:08:00,export_container,Gate In,Gate,GATE-2,Yard,Sea-Side,N/A,N/A,0,TT-09,internal truck,0,OP-015,JOB-9C201F15,2025-01-15 14:42:00,2025-01-15 14:42:41,0,0,N/A,Export cargo arrival from CFS/ICD,In Transit,0,Planned,Optimal,0,0,0,71,37.1,Medium
8,MOV-0538EC1A6F,2025-01-15 14:46:09,Yard In,CNT-0010,EGLV8926478,42G1,2,Dry,Full,29.7,Heavy,Sea-Side,SB368355,V003,VOY-2501-KOC-03,Kochi,3,2025-01-15 14:05:00,2025-01-15 14:12:00,2025-01-15 19:05:00,export_container,Yard In,Yard,Sea-Side,Block,SS4-B5-18-01-2,SS4-B5,18-01,2,RTG-08,RTG,0,OP-014,JOB-2521DEDE,2025-01-15 14:46:00,2025-01-15 14:46:09,0,0,N/A,Initial yard positioning,In Transit,60,Planned,Optimal,0,0,60,77.7,30.9,Medium
9,MOV-BC99CF52AB,2025-01-15 14:51:02,Stack,CNT-0010,EGLV8926478,42G1,2,Dry,Full,29.7,Heavy,Sea-Side,SB368355,V003,VOY-2501-KOC-03,Kochi,3,2025-01-15 14:05:00,2025-01-15 14:56:00,2025-01-15 19:05:00,export_container,Stack,Block,SS4-B5-18-01-2,Block,SS1-B5-12-01-1,SS1-B5,12-01,1,RTG-09,RTG,1,OP-013,JOB-2521DEDE,2025-01-15 14:51:00,2025-01-15 14:51:02,0,0,N/A,Yard stacking for storage,In Yard,5,Planned,Optimal,0,0,65,74.6,31.1,Medium
10,MOV-64F4354A18,2025-01-15 15:01:15,Unstack,CNT-0010,EGLV8926478,42G1,2,Dry,Full,29.7,Heavy,Sea-Side,SB368355,V003,VOY-2501-KOC-03,Kochi,3,2025-01-15 14:05:00,2025-01-15 14:59:00,2025-01-15 19:05:00,export_container,Unstack,Block,SS1-B5-12-01-1,Yard,SS1-B5-GROUND,SS1-B5,GROUND,0,RTG-08,RTG,0,OP-004,JOB-2521DEDE,2025-01-15 15:01:00,2025-01-15 15:01:15,0,0,N/A,Retrieval for repositioning,On Ground,10,Planned,Suboptimal,0,0,75,69.6,40.2,Medium
11,MOV-B5A1CFB891,2025-01-15 15:20:47,Yard In,CNT-0027,EGLV3690622,42G0,2,Dry,Full,13.6,Medium,Sea-Side,SB804258,V002,VOY-2501-JNPT-02,JNPT,2,2025-01-15 09:08:00,2025-01-15 08:52:00,2025-01-15 15:08:00,export_container,Yard In,Yard,Sea-Side,Block,SS1-B3-12-07-3,SS1-B3,12-07,3,TT-09,internal truck,0,OP-004,JOB-9C201F15,2025-01-15 15:20:00,2025-01-15 15:20:47,0,0,N/A,Initial yard positioning,In Transit,38,Planned,Optimal,0,0,38,69.9,38,Medium
12,MOV-AE242A3037,2025-01-15 15:25:11,Stack,CNT-0027,EGLV3690622,42G0,2,Dry,Full,13.6,Medium,Sea-Side,SB804258,V002,VOY-2501-JNPT-02,JNPT,2,2025-01-15 09:08:00,2025-01-15 08:52:00,2025-01-15 15:08:00,export_container,Stack,Block,SS1-B3-12-07-3,Block,SS3-B3-15-05-3,SS3-B3,15-05,3,RTG-02,RTG,3,OP-013,JOB-9C201F15,2025-01-15 15:25:00,2025-01-15 15:25:11,0,0,N/A,Yard stacking for storage,In Yard,5,Planned,Optimal,0,0,43,67.9,42.2,Medium
13,MOV-952510B30B,2025-01-15 15:36:51,Unstack,CNT-0027,EGLV3690622,42G0,2,Dry,Full,13.6,Medium,Sea-Side,SB804258,V002,VOY-2501-JNPT-02,JNPT,2,2025-01-15 09:08:00,2025-01-15 09:31:00,2025-01-15 15:08:00,export_container,Unstack,Block,SS3-B3-15-05-3,Yard,SS3-B3-GROUND,SS3-B3,GROUND,0,RTG-02,RTG,0,OP-006,JOB-9C201F15,2025-01-15 15:36:00,2025-01-15 15:36:51,0,0,N/A,Retrieval for repositioning,On Ground,11,Planned,Suboptimal,0,0,54,78.3,49.8,Medium
14,MOV-8F3B6D412C,2025-01-15 15:40:43,Yard Shift,CNT-0010,EGLV8926478,42G1,2,Dry,Full,29.7,Heavy,Sea-Side,SB368355,V003,VOY-2501-KOC-03,Kochi,3,2025-01-15 14:05:00,2025-01-15 14:34:00,2025-01-15 19:05:00,export_container,Transfer,Block,SS1-B5-GROUND,Block,SS3-B5-11-07-2,SS3-B5,11-07,2,RTG-08,RTG,0,OP-016,JOB-2521DEDE,2025-01-15 15:40:00,2025-01-15 15:40:43,0,0,N/A,Zone optimization movement,In Yard,39,Planned,Suboptimal,0,0,114,77.4,33.7,Medium
15,MOV-7DE5344297,2025-01-15 15:54:36,Yard Shift,CNT-0027,EGLV3690622,42G0,2,Dry,Full,13.6,Medium,Sea-Side,SB804258,V002,VOY-2501-JNPT-02,JNPT,2,2025-01-15 09:08:00,2025-01-15 10:04:00,2025-01-15 15:08:00,export_container,Transfer,Block,SS3-B3-GROUND,Block,SS2-B1-14-05-4,SS2-B1,14-05,4,RTG-02,RTG,0,OP-015,JOB-9C201F15,2025-01-15 15:54:00,2025-01-15 15:54:36,0,0,N/A,Zone optimization movement,In Yard,18,Planned,Suboptimal,0,0,72,72.7,55.7,Medium
16,MOV-BF559254A5,2025-01-15 15:55:02,Stack,CNT-0010,EGLV8926478,42G1,2,Dry,Full,29.7,Heavy,Sea-Side,SB368355,V003,VOY-2501-KOC-03,Kochi,3,2025-01-15 14:05:00,2025-01-15 14:15:00,2025-01-15 19:05:00,export_container,Stack,Block,SS3-B5-11-07-2,Block,SS4-B1-10-02-1,SS4-B1,10-02,1,RTG-08,RTG,1,OP-010,JOB-2521DEDE,2025-01-15 15:55:00,2025-01-15 15:55:02,0,0,N/A,Yard stacking for storage,In Yard,15,Planned,Optimal,0,0,129,69.6,41.4,Medium
17,MOV-23323B847B,2025-01-15 16:01:41,Stack,CNT-0027,EGLV3690622,42G0,2,Dry,Full,13.6,Medium,Sea-Side,SB804258,V002,VOY-2501-JNPT-02,JNPT,2,2025-01-15 09:08:00,2025-01-15 09:18:00,2025-01-15 15:08:00,export_container,Stack,Block,SS2-B1-14-05-4,Block,SS2-B4-16-01-4,SS2-B4,16-01,4,RTG-08,RTG,4,OP-001,JOB-9C201F15,2025-01-15 16:01:00,2025-01-15 16:01:41,0,0,N/A,Yard stacking for storage,In Yard,7,Planned,Suboptimal,0,0,79,77.8,61.6,Medium
18,MOV-A853308929,2025-01-15 16:08:48,Unstack,CNT-0010,EGLV8926478,42G1,2,Dry,Full,29.7,Heavy,Sea-Side,SB368355,V003,VOY-2501-KOC-03,Kochi,3,2025-01-15 14:05:00,2025-01-15 14:57:00,2025-01-15 19:05:00,export_container,Unstack,Block,SS4-B1-10-02-1,Yard,SS4-B1-GROUND,SS4-B1,GROUND,0,RTG-09,RTG,0,OP-007,JOB-2521DEDE,2025-01-15 16:08:00,2025-01-15 16:08:48,0,0,N/A,Retrieval for repositioning,On Ground,13,Planned,Suboptimal,0,0,142,75.9,68.8,Medium
19,MOV-CABFB6B240,2025-01-15 16:16:42,Unstack,CNT-0027,EGLV3690622,42G0,2,Dry,Full,13.6,Medium,Sea-Side,SB804258,V002,VOY-2501-JNPT-02,JNPT,2,2025-01-15 09:08:00,2025-01-15 09:21:00,2025-01-15 15:08:00,export_container,Unstack,Block,SS2-B4-16-01-4,Yard,SS2-B4-GROUND,SS2-B4,GROUND,0,RTG-02,RTG,0,OP-017,JOB-9C201F15,2025-01-15 16:16:00,2025-01-15 16:16:42,0,0,N/A,Retrieval for repositioning,On Ground,15,Planned,Suboptimal,0,0,94,76.7,61.3,Medium
20,MOV-EF8C837208,2025-01-15 16:29:41,Rehandle,CNT-0027,EGLV3690622,42G0,2,Dry,Full,13.6,Medium,Sea-Side,SB804258,V002,VOY-2501-JNPT-02,JNPT,2,2025-01-15 09:08:00,2025-01-15 08:58:00,2025-01-15 15:08:00,export_container,Transfer,Yard,SS2-B4-GROUND,Block,SS4-B2-18-05-1,SS4-B2,18-05,1,RTG-02,RTG,0,OP-017,JOB-9C201F15,2025-01-15 16:29:00,2025-01-15 16:29:41,0,0,N/A,Blocking container removal for access,In Yard,13,Forced,Suboptimal,1,1,107,75.7,58.9,Medium
21,MOV-CA59D7F4D4,2025-01-15 16:32:56,Yard Shift,CNT-0010,EGLV8926478,42G1,2,Dry,Full,29.7,Heavy,Sea-Side,SB368355,V003,VOY-2501-KOC-03,Kochi,3,2025-01-15 14:05:00,2025-01-15 14:26:00,2025-01-15 19:05:00,export_container,Transfer,Block,SS4-B1-GROUND,Block,SS3-B3-04-07-3,SS3-B3,04-07,3,RTG-08,RTG,0,OP-015,JOB-2521DEDE,2025-01-15 16:32:00,2025-01-15 16:32:56,0,0,N/A,Zone optimization movement,In Yard,24,Planned,Suboptimal,0,0,166,75.3,72.8,Medium
22,MOV-BF126D98BE,2025-01-15 16:41:35,Stack,CNT-0027,EGLV3690622,42G0,2,Dry,Full,13.6,Medium,Sea-Side,SB804258,V002,VOY-2501-JNPT-02,JNPT,2,2025-01-15 09:08:00,2025-01-15 10:00:00,2025-01-15 15:08:00,export_container,Stack,Block,SS4-B2-18-05-1,Block,SS4-B3-08-03-3,SS4-B3,08-03,3,RTG-02,RTG,3,OP-013,JOB-9C201F15,2025-01-15 16:41:00,2025-01-15 16:41:35,0,0,N/A,Yard stacking for storage,In Yard,12,Forced,Suboptimal,0,1,119,80.7,54.9,High
23,MOV-4E3F9D5559,2025-01-15 16:43:27,Stack,CNT-0010,EGLV8926478,42G1,2,Dry,Full,29.7,Heavy,Sea-Side,SB368355,V003,VOY-2501-KOC-03,Kochi,3,2025-01-15 14:05:00,2025-01-15 14:52:00,2025-01-15 19:05:00,export_container,Stack,Block,SS3-B3-04-07-3,Block,SS3-B5-09-07-1,SS3-B5,09-07,1,RTG-08,RTG,1,OP-006,JOB-2521DEDE,2025-01-15 16:43:00,2025-01-15 16:43:27,0,0,N/A,Yard stacking for storage,In Yard,11,Planned,Optimal,0,0,177,71.5,52.8,Medium
24,MOV-F3285198EB,2025-01-15 16:58:07,Pre-Staging,CNT-0027,EGLV3690622,42G0,2,Dry,Full,13.6,Medium,Sea-Side,SB804258,V002,VOY-2501-JNPT-02,JNPT,2,2025-01-15 09:08:00,2025-01-15 09:41:00,2025-01-15 15:08:00,export_container,Yard Out,Block,SS4-B3-08-03-3,Block,SS5-B4-03-07-4,SS5-B4,03-07,4,RTG-02,RTG,4,OP-001,JOB-9C201F15,2025-01-15 16:03:00,2025-01-15 16:58:07,55,1,Last-minute vessel cutoff change - timeline compressed,Last-minute vessel cutoff change - timeline compressed,In Yard,17,Forced,Suboptimal,0,1,136,75.6,65.9,Medium
25,MOV-D071B2947B,2025-01-15 17:16:38,Vessel Load,CNT-0027,EGLV3690622,42G0,2,Dry,Full,13.6,Medium,Sea-Side,SB804258,V002,VOY-2501-JNPT-02,JNPT,2,2025-01-15 09:08:00,2025-01-15 09:57:00,2025-01-15 15:08:00,export_container,Vessel Load,Block,SS5-B4-03-07-4,Vessel,V002,SS5-B4,N/A,0,QC-01,QC,0,OP-010,JOB-9C201F15,2025-01-15 17:16:00,2025-01-15 17:16:38,0,0,N/A,Loading to JNPT service,Loaded,18,Planned,Optimal,0,1,154,71.2,40.8,Medium
26,MOV-46D7A592C5,2025-01-15 18:22:44,Pre-Staging,CNT-0010,EGLV8926478,42G1,2,Dry,Full,29.7,Heavy,Sea-Side,SB368355,V003,VOY-2501-KOC-03,Kochi,3,2025-01-15 14:05:00,2025-01-15 14:31:00,2025-01-15 19:05:00,export_container,Yard Out,Block,SS3-B5-09-07-1,Block,SS3-B3-10-04-4,SS3-B3,10-04,4,RTG-08,RTG,4,OP-012,JOB-2521DEDE,2025-01-15 18:22:00,2025-01-15 18:22:44,0,0,N/A,Vessel cutoff preparation - VOY-2501-KOC-03,In Yard,99,Planned,Optimal,0,0,276,57.7,29.3,Low
27,MOV-742F88C713,2025-01-15 18:51:27,Vessel Load,CNT-0010,EGLV8926478,42G1,2,Dry,Full,29.7,Heavy,Sea-Side,SB368355,V003,VOY-2501-KOC-03,Kochi,3,2025-01-15 14:05:00,2025-01-15 14:10:00,2025-01-15 19:05:00,export_container,Vessel Load,Block,SS3-B3-10-04-4,Vessel,V003,SS3-B3,N/A,0,QC-02,QC,0,OP-002,JOB-2521DEDE,2025-01-15 18:51:00,2025-01-15 18:51:27,0,0,N/A,Loading to Kochi service,Loaded,29,Planned,Optimal,0,0,305,60.5,40.9,Medium
28,MOV-8FB5E4488C,2025-01-20 16:31:49,Gate In,CNT-0025,OOLU3254614,22R1,1,Reefer,Full,22.9,Heavy,Sea-Side,SB297064,V012,VOY-2501-MUN-12,Mundra,4,2025-01-22 10:51:00,2025-01-22 11:28:00,2025-01-22 16:51:00,export_container,Gate In,Gate,GATE-7,Yard,Sea-Side,N/A,N/A,0,TT-08,internal truck,0,OP-019,JOB-438B263F,2025-01-20 16:31:00,2025-01-20 16:31:49,0,0,N/A,Export cargo arrival from CFS/ICD,In Transit,0,Planned,Optimal,0,0,0,69.4,32.9,Medium
29,MOV-8D2B074905,2025-01-20 16:52:23,Yard In,CNT-0025,OOLU3254614,22R1,1,Reefer,Full,22.9,Heavy,Sea-Side,SB297064,V012,VOY-2501-MUN-12,Mundra,4,2025-01-22 10:51:00,2025-01-22 11:20:00,2025-01-22 16:51:00,export_container,Yard In,Yard,Sea-Side,Block,SS2-B1-02-03-2,SS2-B1,02-03,2,TT-08,internal truck,0,OP-017,JOB-438B263F,2025-01-20 16:52:00,2025-01-20 16:52:23,0,0,N/A,Initial yard positioning,In Transit,21,Planned,Optimal,0,0,21,61.4,30.4,Medium
30,MOV-4A0640F85B,2025-01-20 16:52:41,Gate In,CNT-0046,COSU1062138,45G1,2,Dry,Full,26.7,Heavy,Sea-Side,SB666366,V009,VOY-2501-CLB-09,Colombo,1,2025-01-22 11:17:00,2025-01-22 10:58:00,2025-01-22 15:17:00,export_container,Gate In,Gate,GATE-1,Yard,Sea-Side,N/A,N/A,0,TT-11,internal truck,0,OP-012,JOB-D8B145DD,2025-01-20 16:52:00,2025-01-20 16:52:41,0,0,N/A,Export cargo arrival from CFS/ICD,In Transit,0,Planned,Optimal,0,0,0,65.2,32.8,Medium
31,MOV-0A2FA4EACB,2025-01-20 17:03:53,Stack,CNT-0025,OOLU3254614,22R1,1,Reefer,Full,22.9,Heavy,Sea-Side,SB297064,V012,VOY-2501-MUN-12,Mundra,4,2025-01-22 10:51:00,2025-01-22 10:54:00,2025-01-22 16:51:00,export_container,Stack,Block,SS2-B1-02-03-2,Block,SS2-B1-06-07-4,SS2-B1,06-07,4,RTG-09,RTG,4,OP-003,JOB-438B263F,2025-01-20 17:03:00,2025-01-20 17:03:53,0,0,N/A,Yard stacking for storage,In Yard,11,Planned,Optimal,0,0,32,68.8,59.3,Medium
32,MOV-FBC5BA3DBE,2025-01-20 17:12:54,Unstack,CNT-0025,OOLU3254614,22R1,1,Reefer,Full,22.9,Heavy,Sea-Side,SB297064,V012,VOY-2501-MUN-12,Mundra,4,2025-01-22 10:51:00,2025-01-22 10:49:00,2025-01-22 16:51:00,export_container,Unstack,Block,SS2-B1-06-07-4,Yard,SS2-B1-GROUND,SS2-B1,GROUND,0,RTG-09,RTG,0,OP-008,JOB-438B263F,2025-01-20 17:12:00,2025-01-20 17:12:54,0,0,N/A,Retrieval for repositioning,On Ground,9,Planned,Suboptimal,0,0,41,68,63.3,Medium
33,MOV-114F0F7AEF,2025-01-20 17:46:42,Yard In,CNT-0046,COSU1062138,45G1,2,Dry,Full,26.7,Heavy,Sea-Side,SB666366,V009,VOY-2501-CLB-09,Colombo,1,2025-01-22 11:17:00,2025-01-22 11:11:00,2025-01-22 15:17:00,export_container,Yard In,Yard,Sea-Side,Block,SS3-B2-06-05-1,SS3-B2,06-05,1,TT-11,internal truck,0,OP-010,JOB-D8B145DD,2025-01-20 17:46:00,2025-01-20 17:46:42,0,0,N/A,Initial yard positioning,In Transit,54,Planned,Optimal,0,0,54,74.7,37.4,Medium
34,MOV-FD45A9280C,2025-01-20 17:48:51,Yard Shift,CNT-0025,OOLU3254614,22R1,1,Reefer,Full,22.9,Heavy,Sea-Side,SB297064,V012,VOY-2501-MUN-12,Mundra,4,2025-01-22 10:51:00,2025-01-22 10:22:00,2025-01-22 16:51:00,export_container,Transfer,Block,SS2-B1-GROUND,Block,SS2-B1-05-06-2,SS2-B1,05-06,2,RTG-09,RTG,0,OP-008,JOB-438B263F,2025-01-20 17:48:00,2025-01-20 17:48:51,0,0,N/A,Zone optimization movement,In Yard,36,Planned,Suboptimal,0,0,77,64.7,64.2,Medium
35,MOV-A45C961C6C,2025-01-20 17:57:19,Stack,CNT-0025,OOLU3254614,22R1,1,Reefer,Full,22.9,Heavy,Sea-Side,SB297064,V012,VOY-2501-MUN-12,Mundra,4,2025-01-22 10:51:00,2025-01-22 11:47:00,2025-01-22 16:51:00,export_container,Stack,Block,SS2-B1-05-06-2,Block,SS2-B1-13-07-3,SS2-B1,13-07,3,RTG-08,RTG,3,OP-017,JOB-438B263F,2025-01-20 17:57:00,2025-01-20 17:57:19,0,0,N/A,Yard stacking for storage,In Yard,9,Planned,Optimal,0,0,86,68.5,62.6,Medium
36,MOV-326423B5B3,2025-01-20 17:57:15,Stack,CNT-0046,COSU1062138,45G1,2,Dry,Full,26.7,Heavy,Sea-Side,SB666366,V009,VOY-2501-CLB-09,Colombo,1,2025-01-22 11:17:00,2025-01-22 11:49:00,2025-01-22 15:17:00,export_container,Stack,Block,SS3-B2-06-05-1,Block,SS4-B2-05-01-2,SS4-B2,05-01,2,RTG-01,RTG,2,OP-013,JOB-D8B145DD,2025-01-20 17:57:00,2025-01-20 17:57:15,0,0,N/A,Yard stacking for storage,In Yard,11,Planned,Optimal,0,0,65,70.8,35.7,Medium
37,MOV-4EE78F5D11,2025-01-20 18:03:02,Unstack,CNT-0046,COSU1062138,45G1,2,Dry,Full,26.7,Heavy,Sea-Side,SB666366,V009,VOY-2501-CLB-09,Colombo,1,2025-01-22 11:17:00,2025-01-22 11:30:00,2025-01-22 15:17:00,export_container,Unstack,Block,SS4-B2-05-01-2,Yard,SS4-B2-GROUND,SS4-B2,GROUND,0,RTG-08,RTG,0,OP-002,JOB-D8B145DD,2025-01-20 18:03:00,2025-01-20 18:03:02,0,0,N/A,Retrieval for repositioning,On Ground,6,Planned,Suboptimal,0,0,71,56.2,59.3,Low
38,MOV-536F1F41F7,2025-01-20 18:11:53,Unstack,CNT-0025,OOLU3254614,22R1,1,Reefer,Full,22.9,Heavy,Sea-Side,SB297064,V012,VOY-2501-MUN-12,Mundra,4,2025-01-22 10:51:00,2025-01-22 11:08:00,2025-01-22 16:51:00,export_container,Unstack,Block,SS2-B1-13-07-3,Yard,SS2-B1-GROUND,SS2-B1,GROUND,0,RTG-08,RTG,0,OP-018,JOB-438B263F,2025-01-20 18:11:00,2025-01-20 18:11:53,0,0,N/A,Retrieval for repositioning,On Ground,14,Planned,Suboptimal,0,0,100,56.2,50.5,Low
39,MOV-B865A46AB6,2025-01-20 18:28:02,Yard Shift,CNT-0046,COSU1062138,45G1,2,Dry,Full,26.7,Heavy,Sea-Side,SB666366,V009,VOY-2501-CLB-09,Colombo,1,2025-01-22 11:17:00,2025-01-22 11:05:00,2025-01-22 15:17:00,export_container,Transfer,Block,SS4-B2-GROUND,Block,SS5-B4-18-02-2,SS5-B4,18-02,2,RTG-01,RTG,0,OP-016,JOB-D8B145DD,2025-01-20 18:28:00,2025-01-20 18:28:02,0,0,N/A,Zone optimization movement,In Yard,25,Planned,Suboptimal,0,0,96,56.8,59.3,Low
40,MOV-02A0321995,2025-01-20 18:43:06,Stack,CNT-0046,COSU1062138,45G1,2,Dry,Full,26.7,Heavy,Sea-Side,SB666366,V009,VOY-2501-CLB-09,Colombo,1,2025-01-22 11:17:00,2025-01-22 11:45:00,2025-01-22 15:17:00,export_container,Stack,Block,SS5-B4-18-02-2,Block,SS2-B2-01-02-1,SS2-B2,01-02,1,RTG-01,RTG,1,OP-020,JOB-D8B145DD,2025-01-20 18:43:00,2025-01-20 18:43:06,0,0,N/A,Yard stacking for storage,In Yard,15,Planned,Optimal,0,0,111,50.1,30.4,Low
41,MOV-EA7B51D757,2025-01-20 18:46:16,Yard Shift,CNT-0025,OOLU3254614,22R1,1,Reefer,Full,22.9,Heavy,Sea-Side,SB297064,V012,VOY-2501-MUN-12,Mundra,4,2025-01-22 10:51:00,2025-01-22 11:44:00,2025-01-22 16:51:00,export_container,Transfer,Block,SS2-B1-GROUND,Block,SS1-B1-11-03-3,SS1-B1,11-03,3,RTG-08,RTG,0,OP-010,JOB-438B263F,2025-01-20 18:46:00,2025-01-20 18:46:16,0,0,N/A,Zone optimization movement,In Yard,35,Planned,Suboptimal,0,0,135,57.7,50.5,Low
42,MOV-0E817EEB6F,2025-01-20 18:50:31,Unstack,CNT-0046,COSU1062138,45G1,2,Dry,Full,26.7,Heavy,Sea-Side,SB666366,V009,VOY-2501-CLB-09,Colombo,1,2025-01-22 11:17:00,2025-01-22 12:03:00,2025-01-22 15:17:00,export_container,Unstack,Block,SS2-B2-01-02-1,Yard,SS2-B2-GROUND,SS2-B2,GROUND,0,RTG-01,RTG,0,OP-020,JOB-D8B145DD,2025-01-20 18:50:00,2025-01-20 18:50:31,0,0,N/A,Retrieval for repositioning,On Ground,7,Planned,Suboptimal,0,0,118,61.3,33.4,Medium
43,MOV-38967A2B1F,2025-01-20 18:54:31,Stack,CNT-0025,OOLU3254614,22R1,1,Reefer,Full,22.9,Heavy,Sea-Side,SB297064,V012,VOY-2501-MUN-12,Mundra,4,2025-01-22 10:51:00,2025-01-22 10:58:00,2025-01-22 16:51:00,export_container,Stack,Block,SS1-B1-11-03-3,Block,SS2-B1-11-06-2,SS2-B1,11-06,2,RTG-08,RTG,2,OP-009,JOB-438B263F,2025-01-20 18:54:00,2025-01-20 18:54:31,0,0,N/A,Yard stacking for storage,In Yard,8,Planned,Suboptimal,0,0,143,53.5,24.8,Low
44,MOV-73717DB48D,2025-01-20 19:07:53,Rehandle,CNT-0046,COSU1062138,45G1,2,Dry,Full,26.7,Heavy,Sea-Side,SB666366,V009,VOY-2501-CLB-09,Colombo,1,2025-01-22 11:17:00,2025-01-22 11:14:00,2025-01-22 15:17:00,export_container,Transfer,Yard,SS2-B2-GROUND,Block,SS4-B3-04-06-2,SS4-B3,04-06,2,RTG-01,RTG,0,OP-002,JOB-D8B145DD,2025-01-20 19:07:00,2025-01-20 19:07:53,0,0,N/A,Blocking container removal for access,In Yard,17,Forced,Suboptimal,1,1,135,52.3,33.4,Low
45,MOV-F71D136423,2025-01-20 19:21:37,Stack,CNT-0046,COSU1062138,45G1,2,Dry,Full,26.7,Heavy,Sea-Side,SB666366,V009,VOY-2501-CLB-09,Colombo,1,2025-01-22 11:17:00,2025-01-22 10:52:00,2025-01-22 15:17:00,export_container,Stack,Block,SS4-B3-04-06-2,Block,SS4-B2-12-05-2,SS4-B2,12-05,2,RTG-01,RTG,2,OP-005,JOB-D8B145DD,2025-01-20 19:21:00,2025-01-20 19:21:37,0,0,N/A,Yard stacking for storage,In Yard,14,Planned,Optimal,0,1,149,53.4,33.4,Low
46,MOV-139245BB8D,2025-01-20 20:03:11,Pre-Staging,CNT-0046,COSU1062138,45G1,2,Dry,Full,26.7,Heavy,Sea-Side,SB666366,V009,VOY-2501-CLB-09,Colombo,1,2025-01-22 11:17:00,2025-01-22 10:58:00,2025-01-22 15:17:00,export_container,Yard Out,Block,SS4-B2-12-05-2,Block,SS2-B1-16-01-1,SS2-B1,16-01,1,RTG-01,RTG,1,OP-019,JOB-D8B145DD,2025-01-20 20:03:00,2025-01-20 20:03:11,0,0,N/A,Vessel cutoff preparation - VOY-2501-CLB-09,In Yard,42,Planned,Optimal,0,1,191,55.5,59.3,Low
47,MOV-7BE1AF3D75,2025-01-20 20:17:34,Pre-Staging,CNT-0025,OOLU3254614,22R1,1,Reefer,Full,22.9,Heavy,Sea-Side,SB297064,V012,VOY-2501-MUN-12,Mundra,4,2025-01-22 10:51:00,2025-01-22 11:42:00,2025-01-22 16:51:00,export_container,Yard Out,Block,SS2-B1-11-06-2,Block,SS1-B1-11-06-2,SS1-B1,11-06,2,RTG-08,RTG,2,OP-016,JOB-438B263F,2025-01-20 20:17:00,2025-01-20 20:17:34,0,0,N/A,Vessel cutoff preparation - VOY-2501-MUN-12,In Yard,83,Planned,Optimal,0,0,226,53.5,50.5,Low
48,MOV-566FC06498,2025-01-20 20:46:08,Vessel Load,CNT-0046,COSU1062138,45G1,2,Dry,Full,26.7,Heavy,Sea-Side,SB666366,V009,VOY-2501-CLB-09,Colombo,1,2025-01-22 11:17:00,2025-01-22 11:13:00,2025-01-22 15:17:00,export_container,Vessel Load,Block,SS2-B1-16-01-1,Vessel,V009,SS2-B1,N/A,0,QC-02,QC,0,OP-005,JOB-D8B145DD,2025-01-20 20:46:00,2025-01-20 20:46:08,0,0,N/A,Loading to Colombo service,Loaded,43,Planned,Optimal,0,1,234,54.1,50.5,Low
49,MOV-1FD448D5DB,2025-01-20 21:01:56,Vessel Load,CNT-0025,OOLU3254614,22R1,1,Reefer,Full,22.9,Heavy,Sea-Side,SB297064,V012,VOY-2501-MUN-12,Mundra,4,2025-01-22 10:51:00,2025-01-22 11:32:00,2025-01-22 16:51:00,export_container,Vessel Load,Block,SS1-B1-11-06-2,Vessel,V012,SS1-B1,N/A,0,QC-01,QC,0,OP-006,JOB-438B263F,2025-01-20 21:01:00,2025-01-20 21:01:56,0,0,N/A,Loading to Mundra service,Loaded,44,Planned,Optimal,0,0,270,57.4,24.8,Low
50,MOV-3C1E162219,2025-01-26 08:40:32,Gate In,CNT-0023,MSCU5123584,42U1,2,Hazardous,Full,19.2,Medium,Land-Side,SB539599,V018,VOY-2501-JNPT-18,JNPT,2,2025-01-29 11:10:00,2025-01-29 11:21:00,2025-01-29 16:10:00,export_container,Gate In,Gate,GATE-8,Yard,Land-Side,N/A,N/A,0,TT-07,internal truck,0,OP-013,JOB-CC91D7E1,2025-01-26 08:40:00,2025-01-26 08:40:32,0,0,N/A,Export cargo arrival from CFS/ICD,In Transit,0,Planned,Optimal,0,0,0,84.8,35.3,High
51,MOV-5B0DCF90FB,2025-01-26 09:17:06,Yard In,CNT-0023,MSCU5123584,42U1,2,Hazardous,Full,19.2,Medium,Land-Side,SB539599,V018,VOY-2501-JNPT-18,JNPT,2,2025-01-29 11:10:00,2025-01-29 11:11:00,2025-01-29 16:10:00,export_container,Yard In,Yard,Land-Side,Block,LS3-B1-16-01-2,LS3-B1,16-01,2,TT-07,internal truck,0,OP-008,JOB-CC91D7E1,2025-01-26 09:17:00,2025-01-26 09:17:06,0,0,N/A,Initial yard positioning,In Transit,37,Planned,Optimal,0,0,37,73.5,38.8,Medium
52,MOV-2263C31EED,2025-01-26 09:26:20,Stack,CNT-0023,MSCU5123584,42U1,2,Hazardous,Full,19.2,Medium,Land-Side,SB539599,V018,VOY-2501-JNPT-18,JNPT,2,2025-01-29 11:10:00,2025-01-29 12:09:00,2025-01-29 16:10:00,export_container,Stack,Block,LS3-B1-16-01-2,Block,LS2-B5-13-01-2,LS2-B5,13-01,2,RTG-03,RTG,2,OP-012,JOB-CC91D7E1,2025-01-26 07:56:00,2025-01-26 09:26:20,90,1,Last-minute vessel cutoff change - timeline compressed,Last-minute vessel cutoff change - timeline compressed,In Yard,9,Forced,Suboptimal,0,0,46,82.5,30.9,High
53,MOV-CC26019719,2025-01-26 09:40:12,Unstack,CNT-0023,MSCU5123584,42U1,2,Hazardous,Full,19.2,Medium,Land-Side,SB539599,V018,VOY-2501-JNPT-18,JNPT,2,2025-01-29 11:10:00,2025-01-29 11:43:00,2025-01-29 16:10:00,export_container,Unstack,Block,LS2-B5-13-01-2,Yard,LS2-B5-GROUND,LS2-B5,GROUND,0,RTG-03,RTG,0,OP-018,JOB-CC91D7E1,2025-01-26 09:40:00,2025-01-26 09:40:12,0,0,N/A,Retrieval for repositioning,On Ground,14,Planned,Suboptimal,0,0,60,78.3,60.6,Medium
54,MOV-2B595FDE93,2025-01-26 10:04:12,Yard Shift,CNT-0023,MSCU5123584,42U1,2,Hazardous,Full,19.2,Medium,Land-Side,SB539599,V018,VOY-2501-JNPT-18,JNPT,2,2025-01-29 11:10:00,2025-01-29 10:56:00,2025-01-29 16:10:00,export_container,Transfer,Block,LS2-B5-GROUND,Block,SS1-B5-16-01-3,SS1-B5,16-01,3,RTG-03,RTG,0,OP-011,JOB-CC91D7E1,2025-01-26 10:04:00,2025-01-26 10:04:12,0,0,N/A,Zone optimization movement,In Yard,24,Planned,Suboptimal,0,0,84,71.1,61,Medium
55,MOV-CFF1FAE9CE,2025-01-26 10:11:25,Stack,CNT-0023,MSCU5123584,42U1,2,Hazardous,Full,19.2,Medium,Land-Side,SB539599,V018,VOY-2501-JNPT-18,JNPT,2,2025-01-29 11:10:00,2025-01-29 11:55:00,2025-01-29 16:10:00,export_container,Stack,Block,SS1-B5-16-01-3,Block,LS2-B7-04-01-1,LS2-B7,04-01,1,RTG-06,RTG,1,OP-004,JOB-CC91D7E1,2025-01-26 10:11:00,2025-01-26 10:11:25,0,0,N/A,Yard stacking for storage,In Yard,7,Forced,Suboptimal,0,0,91,84.2,32.5,High
56,MOV-B1DF70E778,2025-01-26 10:21:40,Unstack,CNT-0023,MSCU5123584,42U1,2,Hazardous,Full,19.2,Medium,Land-Side,SB539599,V018,VOY-2501-JNPT-18,JNPT,2,2025-01-29 11:10:00,2025-01-29 11:42:00,2025-01-29 16:10:00,export_container,Unstack,Block,LS2-B7-04-01-1,Yard,LS2-B7-GROUND,LS2-B7,GROUND,0,RTG-03,RTG,0,OP-011,JOB-CC91D7E1,2025-01-26 10:21:00,2025-01-26 10:21:40,0,0,N/A,Retrieval for repositioning,On Ground,10,Planned,Suboptimal,0,0,101,73.5,57.9,Medium
57,MOV-0142741F15,2025-01-26 10:41:18,Yard Shift,CNT-0023,MSCU5123584,42U1,2,Hazardous,Full,19.2,Medium,Land-Side,SB539599,V018,VOY-2501-JNPT-18,JNPT,2,2025-01-29 11:10:00,2025-01-29 10:56:00,2025-01-29 16:10:00,export_container,Transfer,Block,LS2-B7-GROUND,Block,SS3-B2-19-01-4,SS3-B2,19-01,4,RTG-03,RTG,0,OP-006,JOB-CC91D7E1,2025-01-26 10:41:00,2025-01-26 10:41:18,0,0,N/A,Zone optimization movement,In Yard,20,Forced,Forced,0,0,121,84.1,54.5,High
58,MOV-719711C48B,2025-01-26 10:46:59,Stack,CNT-0023,MSCU5123584,42U1,2,Hazardous,Full,19.2,Medium,Land-Side,SB539599,V018,VOY-2501-JNPT-18,JNPT,2,2025-01-29 11:10:00,2025-01-29 11:43:00,2025-01-29 16:10:00,export_container,Stack,Block,SS3-B2-19-01-4,Block,LS1-B2-20-01-2,LS1-B2,20-01,2,RTG-06,RTG,2,OP-005,JOB-CC91D7E1,2025-01-26 10:46:00,2025-01-26 10:46:59,0,0,N/A,Yard stacking for storage,In Yard,5,Forced,Suboptimal,0,0,126,85.4,44.8,High
59,MOV-4A67642D77,2025-01-26 10:47:34,Gate In,CNT-0039,MSCU7401281,22R1,1,Reefer,Empty,2.8,Light,Land-Side,N/A,V016,VOY-2501-MUN-16,Mundra,4,2025-01-26 09:49:00,2025-01-26 10:31:00,2025-01-26 13:49:00,empty,Gate In,Gate,GATE-1,Yard,Land-Side,N/A,N/A,0,TT-10,internal truck,0,OP-005,JOB-AEC62F32,2025-01-26 10:47:00,2025-01-26 10:47:34,0,0,N/A,Empty return,In Transit,0,Planned,Optimal,0,0,0,75.1,32.9,Medium
60,MOV-0F5D268AD5,2025-01-26 10:56:42,Unstack,CNT-0023,MSCU5123584,42U1,2,Hazardous,Full,19.2,Medium,Land-Side,SB539599,V018,VOY-2501-JNPT-18,JNPT,2,2025-01-29 11:10:00,2025-01-29 12:01:00,2025-01-29 16:10:00,export_container,Unstack,Block,LS1-B2-20-01-2,Yard,LS1-B2-GROUND,LS1-B2,GROUND,0,RTG-03,RTG,0,OP-011,JOB-CC91D7E1,2025-01-26 10:56:00,2025-01-26 10:56:42,0,0,N/A,Retrieval for repositioning,On Ground,10,Planned,Suboptimal,0,0,136,83.4,39.7,High
61,MOV-A151D005F1,2025-01-26 11:20:56,Rehandle,CNT-0023,MSCU5123584,42U1,2,Hazardous,Full,19.2,Medium,Land-Side,SB539599,V018,VOY-2501-JNPT-18,JNPT,2,2025-01-29 11:10:00,2025-01-29 11:32:00,2025-01-29 16:10:00,export_container,Transfer,Yard,LS1-B2-GROUND,Block,LS1-B1-13-01-4,LS1-B1,13-01,4,RTG-03,RTG,0,OP-016,JOB-CC91D7E1,2025-01-26 11:20:00,2025-01-26 11:20:56,0,0,N/A,Blocking container removal for access,In Yard,24,Forced,Suboptimal,1,1,160,74.2,41.5,Medium
62,MOV-C5B9D38744,2025-01-26 11:27:27,Yard In,CNT-0039,MSCU7401281,22R1,1,Reefer,Empty,2.8,Light,Land-Side,N/A,V016,VOY-2501-MUN-16,Mundra,4,2025-01-26 09:49:00,2025-01-26 09:56:00,2025-01-26 13:49:00,empty,Yard In,Yard,Land-Side,Block,LS1-B1-20-05-1,LS1-B1,20-05,1,TT-10,internal truck,0,OP-013,JOB-AEC62F32,2025-01-26 11:27:00,2025-01-26 11:27:27,0,0,N/A,Initial yard positioning,In Transit,40,Planned,Optimal,0,0,40,75.3,37.1,Medium
63,MOV-B33210E841,2025-01-26 11:28:48,Vessel Discharge,CNT-0040,MSCU5077673,42U1,2,Hazardous,Full,20.1,Heavy,Land-Side,N/A,V015,VOY-2501-KOC-15,Kochi,3,2025-01-26 09:45:00,2025-01-26 09:48:00,2025-01-26 13:45:00,import_container,Yard In,Vessel,V015,Yard,Land-Side,N/A,N/A,0,QC-03,QC,0,OP-018,JOB-25EA36D2,2025-01-26 11:28:00,2025-01-26 11:28:48,0,0,N/A,Import discharge from Kochi service,In Transit,0,Planned,Optimal,0,0,0,79.6,31.9,Medium
64,MOV-7447A8CE82,2025-01-26 11:31:16,Stack,CNT-0023,MSCU5123584,42U1,2,Hazardous,Full,19.2,Medium,Land-Side,SB539599,V018,VOY-2501-JNPT-18,JNPT,2,2025-01-29 11:10:00,2025-01-29 10:53:00,2025-01-29 16:10:00,export_container,Stack,Block,LS1-B1-13-01-4,Block,LS2-B2-15-01-1,LS2-B2,15-01,1,RTG-03,RTG,1,OP-003,JOB-CC91D7E1,2025-01-26 11:31:00,2025-01-26 11:31:16,0,0,N/A,Yard stacking for storage,In Yard,11,Planned,Suboptimal,0,1,171,79.2,45.9,Medium
65,MOV-00FFEA7AB5,2025-01-26 11:34:35,Stack,CNT-0039,MSCU7401281,22R1,1,Reefer,Empty,2.8,Light,Land-Side,N/A,V016,VOY-2501-MUN-16,Mundra,4,2025-01-26 09:49:00,2025-01-26 09:44:00,2025-01-26 13:49:00,empty,Stack,Block,LS1-B1-20-05-1,Block,LS1-B1-03-04-4,LS1-B1,03-04,4,RTG-03,RTG,4,OP-016,JOB-AEC62F32,2025-01-26 11:34:00,2025-01-26 11:34:35,0,0,N/A,Yard stacking for storage,In Yard,7,Planned,Optimal,0,0,47,74,23.4,Medium
66,MOV-2D38285550,2025-01-26 11:45:20,Unstack,CNT-0039,MSCU7401281,22R1,1,Reefer,Empty,2.8,Light,Land-Side,N/A,V016,VOY-2501-MUN-16,Mundra,4,2025-01-26 09:49:00,2025-01-26 10:46:00,2025-01-26 13:49:00,empty,Unstack,Block,LS1-B1-03-04-4,Yard,LS1-B1-GROUND,LS1-B1,GROUND,0,RTG-04,RTG,0,OP-019,JOB-AEC62F32,2025-01-26 11:08:00,2025-01-26 11:45:20,37,0,N/A,Retrieval for repositioning,On Ground,11,Planned,Suboptimal,0,0,58,80,30.2,High
67,MOV-1B116914B7,2025-01-26 12:02:19,Yard Shift,CNT-0039,MSCU7401281,22R1,1,Reefer,Empty,2.8,Light,Land-Side,N/A,V016,VOY-2501-MUN-16,Mundra,4,2025-01-26 09:49:00,2025-01-26 09:40:00,2025-01-26 13:49:00,empty,Transfer,Block,LS1-B1-GROUND,Block,SS2-B1-12-05-1,SS2-B1,12-05,1,RTG-03,RTG,0,OP-012,JOB-AEC62F32,2025-01-26 12:02:00,2025-01-26 12:02:19,0,0,N/A,Zone optimization movement,In Yard,17,Planned,Suboptimal,0,0,75,63.7,17.9,Medium
68,MOV-67E322CDD5,2025-01-26 12:16:54,Stack,CNT-0039,MSCU7401281,22R1,1,Reefer,Empty,2.8,Light,Land-Side,N/A,V016,VOY-2501-MUN-16,Mundra,4,2025-01-26 09:49:00,2025-01-26 09:29:00,2025-01-26 13:49:00,empty,Stack,Block,SS2-B1-12-05-1,Block,LS1-B1-08-02-3,LS1-B1,08-02,3,RTG-04,RTG,3,OP-004,JOB-AEC62F32,2025-01-26 12:16:00,2025-01-26 12:16:54,0,0,N/A,Yard stacking for storage,In Yard,14,Planned,Optimal,0,0,89,70.7,50.5,Medium
69,MOV-555A284F56,2025-01-26 12:18:03,Yard In,CNT-0040,MSCU5077673,42U1,2,Hazardous,Full,20.1,Heavy,Land-Side,N/A,V015,VOY-2501-KOC-15,Kochi,3,2025-01-26 09:45:00,2025-01-26 09:51:00,2025-01-26 13:45:00,import_container,Yard In,Yard,Land-Side,Block,LS1-B4-19-01-3,LS1-B4,19-01,3,RTG-03,RTG,0,OP-007,JOB-25EA36D2,2025-01-26 12:18:00,2025-01-26 12:18:03,0,0,N/A,Initial yard positioning,In Transit,50,Planned,Optimal,0,0,50,71.1,24.8,Medium
70,MOV-B1F528C74F,2025-01-26 12:32:56,Stack,CNT-0040,MSCU5077673,42U1,2,Hazardous,Full,20.1,Heavy,Land-Side,N/A,V015,VOY-2501-KOC-15,Kochi,3,2025-01-26 09:45:00,2025-01-26 10:38:00,2025-01-26 13:45:00,import_container,Stack,Block,LS1-B4-19-01-3,Block,LS1-B4-09-01-1,LS1-B4,09-01,1,RTG-03,RTG,1,OP-013,JOB-25EA36D2,2025-01-26 12:32:00,2025-01-26 12:32:56,0,0,N/A,Yard stacking for storage,In Yard,14,Planned,Optimal,0,0,64,68.2,23.8,Medium
71,MOV-79FF06892F,2025-01-26 12:40:31,Unstack,CNT-0040,MSCU5077673,42U1,2,Hazardous,Full,20.1,Heavy,Land-Side,N/A,V015,VOY-2501-KOC-15,Kochi,3,2025-01-26 09:45:00,2025-01-26 10:31:00,2025-01-26 13:45:00,import_container,Unstack,Block,LS1-B4-09-01-1,Yard,LS1-B4-GROUND,LS1-B4,GROUND,0,RTG-03,RTG,0,OP-018,JOB-25EA36D2,2025-01-26 12:40:00,2025-01-26 12:40:31,0,0,N/A,Retrieval for repositioning,On Ground,8,Planned,Suboptimal,0,0,72,70.5,23.8,Medium
72,MOV-20F0EFBDBC,2025-01-26 12:44:41,Pre-Staging,CNT-0023,MSCU5123584,42U1,2,Hazardous,Full,19.2,Medium,Land-Side,SB539599,V018,VOY-2501-JNPT-18,JNPT,2,2025-01-29 11:10:00,2025-01-29 11:01:00,2025-01-29 16:10:00,export_container,Yard Out,Block,LS2-B2-15-01-1,Block,SS5-B1-11-02-1,SS5-B1,11-02,1,RTG-03,RTG,1,OP-020,JOB-CC91D7E1,2025-01-26 12:44:00,2025-01-26 12:44:41,0,0,N/A,Vessel cutoff preparation - VOY-2501-JNPT-18,In Yard,73,Planned,Optimal,0,1,244,66,51.6,Medium
73,MOV-606C18CF2E,2025-01-26 12:57:25,Yard Shift,CNT-0040,MSCU5077673,42U1,2,Hazardous,Full,20.1,Heavy,Land-Side,N/A,V015,VOY-2501-KOC-15,Kochi,3,2025-01-26 09:45:00,2025-01-26 09:35:00,2025-01-26 13:45:00,import_container,Transfer,Block,LS1-B4-GROUND,Block,SS1-B1-08-02-3,SS1-B1,08-02,3,RTG-03,RTG,0,OP-001,JOB-25EA36D2,2025-01-26 12:57:00,2025-01-26 12:57:25,0,0,N/A,Zone optimization movement,In Yard,17,Planned,Suboptimal,0,0,89,65,23.8,Medium
74,MOV-65C25742C0,2025-01-26 13:07:17,Stack,CNT-0040,MSCU5077673,42U1,2,Hazardous,Full,20.1,Heavy,Land-Side,N/A,V015,VOY-2501-KOC-15,Kochi,3,2025-01-26 09:45:00,2025-01-26 09:43:00,2025-01-26 13:45:00,import_container,Stack,Block,SS1-B1-08-02-3,Block,LS3-B7-02-01-4,LS3-B7,02-01,4,RTG-03,RTG,4,OP-005,JOB-25EA36D2,2025-01-26 13:07:00,2025-01-26 13:07:17,0,0,N/A,Yard stacking for storage,In Yard,10,Planned,Optimal,0,0,99,65.8,24.8,Medium
75,MOV-9756C38E92,2025-01-26 13:27:44,Vessel Load,CNT-0023,MSCU5123584,42U1,2,Hazardous,Full,19.2,Medium,Land-Side,SB539599,V018,VOY-2501-JNPT-18,JNPT,2,2025-01-29 11:10:00,2025-01-29 11:50:00,2025-01-29 16:10:00,export_container,Vessel Load,Block,SS5-B1-11-02-1,Vessel,V018,SS5-B1,N/A,0,QC-01,QC,0,OP-018,JOB-CC91D7E1,2025-01-26 13:27:00,2025-01-26 13:27:44,0,0,N/A,Loading to JNPT service,Loaded,43,Planned,Optimal,0,1,287,63.3,46.8,Medium
76,MOV-C438935026,2025-01-27 13:23:39,Gate In,CNT-0038,CMAU6832845,42U1,2,Hazardous,Full,16,Medium,Sea-Side,SB571213,V020,VOY-2501-MUN-20,Mundra,4,2025-01-29 07:38:00,2025-01-29 07:38:00,2025-01-29 13:38:00,export_container,Gate In,Gate,GATE-6,Yard,Sea-Side,N/A,N/A,0,TT-09,internal truck,0,OP-011,JOB-408332F1,2025-01-27 13:23:00,2025-01-27 13:23:39,0,0,N/A,Export cargo arrival from CFS/ICD,In Transit,0,Planned,Optimal,0,0,0,56.3,24.8,Low
77,MOV-E9C4389B25,2025-01-27 13:47:41,Yard In,CNT-0038,CMAU6832845,42U1,2,Hazardous,Full,16,Medium,Sea-Side,SB571213,V020,VOY-2501-MUN-20,Mundra,4,2025-01-29 07:38:00,2025-01-29 07:49:00,2025-01-29 13:38:00,export_container,Yard In,Yard,Sea-Side,Block,SS4-B5-05-02-3,SS4-B5,05-02,3,TT-09,internal truck,0,OP-004,JOB-408332F1,2025-01-27 13:47:00,2025-01-27 13:47:41,0,0,N/A,Initial yard positioning,In Transit,24,Planned,Optimal,0,0,24,59.7,24.8,Low
78,MOV-B6ED89ED77,2025-01-27 13:53:53,Stack,CNT-0038,CMAU6832845,42U1,2,Hazardous,Full,16,Medium,Sea-Side,SB571213,V020,VOY-2501-MUN-20,Mundra,4,2025-01-29 07:38:00,2025-01-29 07:57:00,2025-01-29 13:38:00,export_container,Stack,Block,SS4-B5-05-02-3,Block,SS1-B2-04-02-2,SS1-B2,04-02,2,RTG-02,RTG,2,OP-016,JOB-408332F1,2025-01-27 13:53:00,2025-01-27 13:53:53,0,0,N/A,Yard stacking for storage,In Yard,6,Planned,Optimal,0,0,30,61.2,22,Medium
79,MOV-ECC22F95C8,2025-01-27 14:06:59,Unstack,CNT-0038,CMAU6832845,42U1,2,Hazardous,Full,16,Medium,Sea-Side,SB571213,V020,VOY-2501-MUN-20,Mundra,4,2025-01-29 07:38:00,2025-01-29 07:34:00,2025-01-29 13:38:00,export_container,Unstack,Block,SS1-B2-04-02-2,Yard,SS1-B2-GROUND,SS1-B2,GROUND,0,RTG-02,RTG,0,OP-016,JOB-408332F1,2025-01-27 14:06:00,2025-01-27 14:06:59,0,0,N/A,Retrieval for repositioning,On Ground,13,Planned,Suboptimal,0,0,43,73.9,42.4,Medium
80,MOV-9402E7E097,2025-01-27 14:50:04,Yard Shift,CNT-0038,CMAU6832845,42U1,2,Hazardous,Full,16,Medium,Sea-Side,SB571213,V020,VOY-2501-MUN-20,Mundra,4,2025-01-29 07:38:00,2025-01-29 07:35:00,2025-01-29 13:38:00,export_container,Transfer,Block,SS1-B2-GROUND,Block,SS4-B3-02-02-1,SS4-B3,02-02,1,RTG-02,RTG,0,OP-017,JOB-408332F1,2025-01-27 14:21:00,2025-01-27 14:50:04,29,0,N/A,Zone optimization movement,In Yard,44,Forced,Forced,0,0,87,81.9,40.8,High
81,MOV-DF49E5B67F,2025-01-27 14:56:42,Stack,CNT-0038,CMAU6832845,42U1,2,Hazardous,Full,16,Medium,Sea-Side,SB571213,V020,VOY-2501-MUN-20,Mundra,4,2025-01-29 07:38:00,2025-01-29 08:02:00,2025-01-29 13:38:00,export_container,Stack,Block,SS4-B3-02-02-1,Block,SS5-B2-18-02-1,SS5-B2,18-02,1,RTG-06,RTG,1,OP-004,JOB-408332F1,2025-01-27 14:56:00,2025-01-27 14:56:42,0,0,N/A,Yard stacking for storage,In Yard,6,Planned,Optimal,0,0,93,71.9,68,Medium
82,MOV-3A5DAF7042,2025-01-27 15:03:35,Unstack,CNT-0038,CMAU6832845,42U1,2,Hazardous,Full,16,Medium,Sea-Side,SB571213,V020,VOY-2501-MUN-20,Mundra,4,2025-01-29 07:38:00,2025-01-29 07:49:00,2025-01-29 13:38:00,export_container,Unstack,Block,SS5-B2-18-02-1,Yard,SS5-B2-GROUND,SS5-B2,GROUND,0,RTG-08,RTG,0,OP-012,JOB-408332F1,2025-01-27 15:03:00,2025-01-27 15:03:35,0,0,N/A,Retrieval for repositioning,On Ground,7,Planned,Suboptimal,0,0,100,80.6,47.5,High
83,MOV-975B521377,2025-01-27 15:26:25,Rehandle,CNT-0038,CMAU6832845,42U1,2,Hazardous,Full,16,Medium,Sea-Side,SB571213,V020,VOY-2501-MUN-20,Mundra,4,2025-01-29 07:38:00,2025-01-29 07:08:00,2025-01-29 13:38:00,export_container,Transfer,Yard,SS5-B2-GROUND,Block,SS2-B4-18-02-3,SS2-B4,18-02,3,RTG-02,RTG,0,OP-002,JOB-408332F1,2025-01-27 15:26:00,2025-01-27 15:26:25,0,0,N/A,Blocking container removal for access,In Yard,23,Forced,Suboptimal,1,1,123,81.8,47.8,High
84,MOV-DFA0B52AFF,2025-01-27 15:35:36,Stack,CNT-0038,CMAU6832845,42U1,2,Hazardous,Full,16,Medium,Sea-Side,SB571213,V020,VOY-2501-MUN-20,Mundra,4,2025-01-29 07:38:00,2025-01-29 08:21:00,2025-01-29 13:38:00,export_container,Stack,Block,SS2-B4-18-02-3,Block,SS2-B2-11-01-3,SS2-B2,11-01,3,RTG-06,RTG,3,OP-005,JOB-408332F1,2025-01-27 15:35:00,2025-01-27 15:35:36,0,0,N/A,Yard stacking for storage,In Yard,9,Planned,Optimal,0,1,132,79.1,45.1,Medium
85,MOV-3CD5E171CD,2025-01-27 16:17:58,Pre-Staging,CNT-0038,CMAU6832845,42U1,2,Hazardous,Full,16,Medium,Sea-Side,SB571213,V020,VOY-2501-MUN-20,Mundra,4,2025-01-29 07:38:00,2025-01-29 07:35:00,2025-01-29 13:38:00,export_container,Yard Out,Block,SS2-B2-11-01-3,Block,SS2-B3-10-01-4,SS2-B3,10-01,4,RTG-02,RTG,4,OP-003,JOB-408332F1,2025-01-27 16:17:00,2025-01-27 16:17:58,0,0,N/A,Vessel cutoff preparation - VOY-2501-MUN-20,In Yard,42,Planned,Optimal,0,1,174,70.5,44.2,Medium
86,MOV-EF88D021C4,2025-01-27 16:55:38,Vessel Load,CNT-0038,CMAU6832845,42U1,2,Hazardous,Full,16,Medium,Sea-Side,SB571213,V020,VOY-2501-MUN-20,Mundra,4,2025-01-29 07:38:00,2025-01-29 08:30:00,2025-01-29 13:38:00,export_container,Vessel Load,Block,SS2-B3-10-01-4,Vessel,V020,SS2-B3,N/A,0,QC-03,QC,0,OP-010,JOB-408332F1,2025-01-27 16:55:00,2025-01-27 16:55:38,0,0,N/A,Loading to Mundra service,Loaded,38,Planned,Optimal,0,1,212,77.7,39.2,Medium
87,MOV-39D8F21093,2025-01-28 13:04:15,Gate Out,CNT-0040,MSCU5077673,42U1,2,Hazardous,Full,20.1,Heavy,Land-Side,N/A,V015,VOY-2501-KOC-15,Kochi,3,2025-01-26 09:45:00,2025-01-26 10:28:00,2025-01-26 13:45:00,import_container,Gate Out,Block,LS3-B7-02-01-4,Gate,GATE-4,LS3-B7,N/A,0,TT-09,internal truck,0,OP-005,JOB-25EA36D2,2025-01-28 13:04:00,2025-01-28 13:04:15,0,0,N/A,Import delivery to consignee,Exited,2877,Planned,Optimal,0,0,2976,62.2,59.1,Medium
88,MOV-76FBE28A53,2025-02-01 06:22:52,Gate In,CNT-0030,HLCU2222736,22G1,1,Dry,Full,23.1,Heavy,Sea-Side,SB536135,V021,VOY-2502-CLB-21,Colombo,1,2025-02-03 09:10:00,2025-02-03 10:03:00,2025-02-03 14:10:00,export_container,Gate In,Gate,GATE-8,Yard,Sea-Side,N/A,N/A,0,TT-08,internal truck,0,OP-001,JOB-D0FA3787,2025-02-01 06:22:00,2025-02-01 06:22:52,0,0,N/A,Export cargo arrival from CFS/ICD,In Transit,0,Planned,Optimal,0,0,0,70.2,24.8,Medium
89,MOV-BB9ACB098F,2025-02-01 06:49:58,Yard In,CNT-0030,HLCU2222736,22G1,1,Dry,Full,23.1,Heavy,Sea-Side,SB536135,V021,VOY-2502-CLB-21,Colombo,1,2025-02-03 09:10:00,2025-02-03 08:54:00,2025-02-03 14:10:00,export_container,Yard In,Yard,Sea-Side,Block,SS5-B5-08-01-3,SS5-B5,08-01,3,RTG-08,RTG,0,OP-013,JOB-D0FA3787,2025-02-01 06:49:00,2025-02-01 06:49:58,0,0,N/A,Initial yard positioning,In Transit,27,Planned,Optimal,0,0,27,74.5,24.8,Medium
90,MOV-FA4D55EE22,2025-02-01 06:58:41,Stack,CNT-0030,HLCU2222736,22G1,1,Dry,Full,23.1,Heavy,Sea-Side,SB536135,V021,VOY-2502-CLB-21,Colombo,1,2025-02-03 09:10:00,2025-02-03 09:04:00,2025-02-03 14:10:00,export_container,Stack,Block,SS5-B5-08-01-3,Block,SS3-B5-17-04-4,SS3-B5,17-04,4,RTG-08,RTG,4,OP-011,JOB-D0FA3787,2025-02-01 06:58:00,2025-02-01 06:58:41,0,0,N/A,Yard stacking for storage,In Yard,9,Planned,Optimal,0,0,36,72.8,19.8,Medium
91,MOV-DFDB827B7A,2025-02-01 08:33:27,Pre-Staging,CNT-0030,HLCU2222736,22G1,1,Dry,Full,23.1,Heavy,Sea-Side,SB536135,V021,VOY-2502-CLB-21,Colombo,1,2025-02-03 09:10:00,2025-02-03 08:53:00,2025-02-03 14:10:00,export_container,Yard Out,Block,SS3-B5-17-04-4,Block,SS5-B1-03-02-2,SS5-B1,03-02,2,RTG-08,RTG,2,OP-007,JOB-D0FA3787,2025-02-01 08:33:00,2025-02-01 08:33:27,0,0,N/A,Vessel cutoff preparation - VOY-2502-CLB-21,In Yard,95,Planned,Optimal,0,0,131,76.3,42,Medium
92,MOV-D979A1CD85,2025-02-01 09:05:01,Vessel Load,CNT-0030,HLCU2222736,22G1,1,Dry,Full,23.1,Heavy,Sea-Side,SB536135,V021,VOY-2502-CLB-21,Colombo,1,2025-02-03 09:10:00,2025-02-03 09:38:00,2025-02-03 14:10:00,export_container,Vessel Load,Block,SS5-B1-03-02-2,Vessel,V021,SS5-B1,N/A,0,QC-01,QC,0,OP-011,JOB-D0FA3787,2025-02-01 09:05:00,2025-02-01 09:05:01,0,0,N/A,Loading to Colombo service,Loaded,32,Planned,Optimal,0,0,163,86.3,56.1,High
93,MOV-0997C71016,2025-02-02 08:51:36,Gate In,CNT-0019,MAEU4975295,45G1,2,Dry,Full,23.2,Heavy,Sea-Side,SB746081,V022,VOY-2502-JNPT-22,JNPT,2,2025-02-03 10:59:00,2025-02-03 11:03:00,2025-02-03 14:59:00,export_container,Gate In,Gate,GATE-5,Yard,Sea-Side,N/A,N/A,0,TT-06,internal truck,0,OP-017,JOB-5673BBB9,2025-02-02 08:51:00,2025-02-02 08:51:36,0,0,N/A,Export cargo arrival from CFS/ICD,In Transit,0,Planned,Optimal,0,0,0,72.9,31.5,Medium
94,MOV-F1D1DE5868,2025-02-02 09:17:09,Yard In,CNT-0019,MAEU4975295,45G1,2,Dry,Full,23.2,Heavy,Sea-Side,SB746081,V022,VOY-2502-JNPT-22,JNPT,2,2025-02-03 10:59:00,2025-02-03 11:10:00,2025-02-03 14:59:00,export_container,Yard In,Yard,Sea-Side,Block,SS1-B3-05-06-2,SS1-B3,05-06,2,TT-06,internal truck,0,OP-008,JOB-5673BBB9,2025-02-02 09:17:00,2025-02-02 09:17:09,0,0,N/A,Initial yard positioning,In Transit,26,Planned,Optimal,0,0,26,69.9,33.9,Medium
95,MOV-EFBDCA6359,2025-02-02 09:32:44,Stack,CNT-0019,MAEU4975295,45G1,2,Dry,Full,23.2,Heavy,Sea-Side,SB746081,V022,VOY-2502-JNPT-22,JNPT,2,2025-02-03 10:59:00,2025-02-03 11:16:00,2025-02-03 14:59:00,export_container,Stack,Block,SS1-B3-05-06-2,Block,SS4-B4-15-01-1,SS4-B4,15-01,1,RTG-07,RTG,1,OP-015,JOB-5673BBB9,2025-02-02 09:32:00,2025-02-02 09:32:44,0,0,N/A,Yard stacking for storage,In Yard,15,Planned,Optimal,0,0,41,68.8,42,Medium
96,MOV-1C6C59866D,2025-02-02 11:04:34,Pre-Staging,CNT-0019,MAEU4975295,45G1,2,Dry,Full,23.2,Heavy,Sea-Side,SB746081,V022,VOY-2502-JNPT-22,JNPT,2,2025-02-03 10:59:00,2025-02-03 11:19:00,2025-02-03 14:59:00,export_container,Yard Out,Block,SS4-B4-15-01-1,Block,SS1-B4-12-07-1,SS1-B4,12-07,1,RTG-07,RTG,1,OP-007,JOB-5673BBB9,2025-02-02 11:04:00,2025-02-02 11:04:34,0,0,N/A,Vessel cutoff preparation - VOY-2502-JNPT-22,In Yard,92,Planned,Optimal,0,0,133,67.3,32.9,Medium
97,MOV-1353D9FD95,2025-02-02 11:49:35,Vessel Load,CNT-0019,MAEU4975295,45G1,2,Dry,Full,23.2,Heavy,Sea-Side,SB746081,V022,VOY-2502-JNPT-22,JNPT,2,2025-02-03 10:59:00,2025-02-03 11:42:00,2025-02-03 14:59:00,export_container,Vessel Load,Block,SS1-B4-12-07-1,Vessel,V022,SS1-B4,N/A,0,QC-02,QC,0,OP-005,JOB-5673BBB9,2025-02-02 11:49:00,2025-02-02 11:49:35,0,0,N/A,Loading to JNPT service,Loaded,45,Planned,Optimal,0,0,178,69.6,53,Medium
98,MOV-EB56774422,2025-02-03 11:29:56,Vessel Discharge,CNT-0020,APLU6766993,42G0,2,Dry,Full,8.4,Light,Land-Side,N/A,V021,VOY-2502-CLB-21,Colombo,1,2025-02-03 09:10:00,2025-02-03 10:03:00,2025-02-03 14:10:00,import_container,Yard In,Vessel,V021,Yard,Land-Side,N/A,N/A,0,QC-02,QC,0,OP-010,JOB-8258BE93,2025-02-03 11:29:00,2025-02-03 11:29:56,0,0,N/A,Import discharge from Colombo service,In Transit,0,Planned,Optimal,0,0,0,55.3,36.7,Low
99,MOV-75C00E165D,2025-02-03 11:59:19,Yard In,CNT-0020,APLU6766993,42G0,2,Dry,Full,8.4,Light,Land-Side,N/A,V021,VOY-2502-CLB-21,Colombo,1,2025-02-03 09:10:00,2025-02-03 10:09:00,2025-02-03 14:10:00,import_container,Yard In,Yard,Land-Side,Block,LS1-B3-06-01-4,LS1-B3,06-01,4,RTG-07,RTG,0,OP-008,JOB-8258BE93,2025-02-03 11:59:00,2025-02-03 11:59:19,0,0,N/A,Initial yard positioning,In Transit,30,Planned,Optimal,0,0,30,63.8,33.4,Medium
100,MOV-0DC602C02B,2025-02-03 12:10:00,Stack,CNT-0020,APLU6766993,42G0,2,Dry,Full,8.4,Light,Land-Side,N/A,V021,VOY-2502-CLB-21,Colombo,1,2025-02-03 09:10:00,2025-02-03 10:09:00,2025-02-03 14:10:00,import_container,Stack,Block,LS1-B3-06-01-4,Block,LS4-B1-05-05-2,LS4-B1,05-05,2,RTG-09,RTG,2,OP-011,JOB-8258BE93,2025-02-03 12:10:00,2025-02-03 12:10:00,0,0,N/A,Yard stacking for storage,In Yard,11,Planned,Optimal,0,0,41,48.6,53,Low
101,MOV-3F30E02261,2025-02-03 12:16:14,Unstack,CNT-0020,APLU6766993,42G0,2,Dry,Full,8.4,Light,Land-Side,N/A,V021,VOY-2502-CLB-21,Colombo,1,2025-02-03 09:10:00,2025-02-03 09:29:00,2025-02-03 14:10:00,import_container,Unstack,Block,LS4-B1-05-05-2,Yard,LS4-B1-GROUND,LS4-B1,GROUND,0,RTG-07,RTG,0,OP-003,JOB-8258BE93,2025-02-03 12:16:00,2025-02-03 12:16:14,0,0,N/A,Retrieval for repositioning,On Ground,6,Planned,Suboptimal,0,0,47,52.5,24.6,Low
102,MOV-879F2AF493,2025-02-03 12:54:43,Yard Shift,CNT-0020,APLU6766993,42G0,2,Dry,Full,8.4,Light,Land-Side,N/A,V021,VOY-2502-CLB-21,Colombo,1,2025-02-03 09:10:00,2025-02-03 08:58:00,2025-02-03 14:10:00,import_container,Transfer,Block,LS4-B1-GROUND,Block,SS3-B2-13-07-2,SS3-B2,13-07,2,RTG-07,RTG,0,OP-003,JOB-8258BE93,2025-02-03 12:54:00,2025-02-03 12:54:43,0,0,N/A,Zone optimization movement,In Yard,38,Planned,Suboptimal,0,0,85,54.6,24.6,Low
103,MOV-CC9E25AF2F,2025-02-03 13:07:28,Stack,CNT-0020,APLU6766993,42G0,2,Dry,Full,8.4,Light,Land-Side,N/A,V021,VOY-2502-CLB-21,Colombo,1,2025-02-03 09:10:00,2025-02-03 09:07:00,2025-02-03 14:10:00,import_container,Stack,Block,SS3-B2-13-07-2,Block,LS3-B6-07-06-2,LS3-B6,07-06,2,RTG-07,RTG,2,OP-003,JOB-8258BE93,2025-02-03 13:07:00,2025-02-03 13:07:28,0,0,N/A,Yard stacking for storage,In Yard,13,Planned,Optimal,0,0,98,49.6,29.8,Low
104,MOV-911B817B3C,2025-02-04 05:15:50,Gate Out,CNT-0020,APLU6766993,42G0,2,Dry,Full,8.4,Light,Land-Side,N/A,V021,VOY-2502-CLB-21,Colombo,1,2025-02-03 09:10:00,2025-02-03 08:57:00,2025-02-03 14:10:00,import_container,Gate Out,Block,LS3-B6-07-06-2,Gate,GATE-7,LS3-B6,N/A,0,TT-06,internal truck,0,OP-008,JOB-8258BE93,2025-02-04 05:15:00,2025-02-04 05:15:50,0,0,N/A,Import delivery to consignee,Exited,968,Planned,Optimal,0,0,1066,56.3,49.3,Low
105,MOV-6B74BD5252,2025-02-06 15:30:32,Gate In,CNT-0048,MSCU2861709,22G1,1,Dry,Full,17.9,Medium,Sea-Side,SB245129,V027,VOY-2502-KOC-27,Kochi,3,2025-02-07 13:09:00,2025-02-07 14:06:00,2025-02-07 17:09:00,export_container,Gate In,Gate,GATE-4,Yard,Sea-Side,N/A,N/A,0,TT-10,internal truck,0,OP-014,JOB-B1C66039,2025-02-06 15:03:00,2025-02-06 15:30:32,27,0,N/A,Export cargo arrival from CFS/ICD,In Transit,0,Planned,Optimal,0,0,0,81.3,37.4,High
106,MOV-2236FADDC7,2025-02-06 16:07:39,Yard In,CNT-0048,MSCU2861709,22G1,1,Dry,Full,17.9,Medium,Sea-Side,SB245129,V027,VOY-2502-KOC-27,Kochi,3,2025-02-07 13:09:00,2025-02-07 13:26:00,2025-02-07 17:09:00,export_container,Yard In,Yard,Sea-Side,Block,SS5-B5-04-04-3,SS5-B5,04-04,3,RTG-08,RTG,0,OP-003,JOB-B1C66039,2025-02-06 16:07:00,2025-02-06 16:07:39,0,0,N/A,Initial yard positioning,In Transit,37,Planned,Optimal,0,0,37,71.1,34.3,Medium
107,MOV-9AEBECA9A0,2025-02-06 16:15:31,Stack,CNT-0048,MSCU2861709,22G1,1,Dry,Full,17.9,Medium,Sea-Side,SB245129,V027,VOY-2502-KOC-27,Kochi,3,2025-02-07 13:09:00,2025-02-07 12:58:00,2025-02-07 17:09:00,export_container,Stack,Block,SS5-B5-04-04-3,Block,SS2-B3-03-01-2,SS2-B3,03-01,2,RTG-05,RTG,2,OP-007,JOB-B1C66039,2025-02-06 15:42:00,2025-02-06 16:15:31,33,1,Weight stacking violation detected - restacking required,Weight stacking violation detected - restacking required,In Yard,8,Forced,Suboptimal,0,0,45,80,25.6,Medium
108,MOV-7D0F6FC1B1,2025-02-06 16:28:34,Unstack,CNT-0048,MSCU2861709,22G1,1,Dry,Full,17.9,Medium,Sea-Side,SB245129,V027,VOY-2502-KOC-27,Kochi,3,2025-02-07 13:09:00,2025-02-07 12:55:00,2025-02-07 17:09:00,export_container,Unstack,Block,SS2-B3-03-01-2,Yard,SS2-B3-GROUND,SS2-B3,GROUND,0,RTG-05,RTG,0,OP-016,JOB-B1C66039,2025-02-06 16:28:00,2025-02-06 16:28:34,0,0,N/A,Retrieval for repositioning,On Ground,13,Planned,Suboptimal,0,0,58,78,36.3,Medium
109,MOV-749FA13749,2025-02-06 16:54:41,Yard Shift,CNT-0048,MSCU2861709,22G1,1,Dry,Full,17.9,Medium,Sea-Side,SB245129,V027,VOY-2502-KOC-27,Kochi,3,2025-02-07 13:09:00,2025-02-07 13:21:00,2025-02-07 17:09:00,export_container,Transfer,Block,SS2-B3-GROUND,Block,SS2-B1-01-07-2,SS2-B1,01-07,2,RTG-05,RTG,0,OP-014,JOB-B1C66039,2025-02-06 16:54:00,2025-02-06 16:54:41,0,0,N/A,Zone optimization movement,In Yard,26,Planned,Suboptimal,0,0,84,77,32.4,Medium
110,MOV-1C5E976A52,2025-02-06 17:08:57,Stack,CNT-0048,MSCU2861709,22G1,1,Dry,Full,17.9,Medium,Sea-Side,SB245129,V027,VOY-2502-KOC-27,Kochi,3,2025-02-07 13:09:00,2025-02-07 13:18:00,2025-02-07 17:09:00,export_container,Stack,Block,SS2-B1-01-07-2,Block,SS5-B5-18-04-4,SS5-B5,18-04,4,RTG-05,RTG,4,OP-006,JOB-B1C66039,2025-02-06 17:08:00,2025-02-06 17:08:57,0,0,N/A,Yard stacking for storage,In Yard,14,Planned,Optimal,0,0,98,75.6,58.8,Medium
111,MOV-775BB8AC03,2025-02-06 17:17:09,Unstack,CNT-0048,MSCU2861709,22G1,1,Dry,Full,17.9,Medium,Sea-Side,SB245129,V027,VOY-2502-KOC-27,Kochi,3,2025-02-07 13:09:00,2025-02-07 13:24:00,2025-02-07 17:09:00,export_container,Unstack,Block,SS5-B5-18-04-4,Yard,SS5-B5-GROUND,SS5-B5,GROUND,0,RTG-05,RTG,0,OP-010,JOB-B1C66039,2025-02-06 17:17:00,2025-02-06 17:17:09,0,0,N/A,Retrieval for repositioning,On Ground,9,Planned,Suboptimal,0,0,107,72.8,27.7,Medium
112,MOV-93500746C3,2025-02-06 17:46:20,Yard Shift,CNT-0048,MSCU2861709,22G1,1,Dry,Full,17.9,Medium,Sea-Side,SB245129,V027,VOY-2502-KOC-27,Kochi,3,2025-02-07 13:09:00,2025-02-07 13:52:00,2025-02-07 17:09:00,export_container,Transfer,Block,SS5-B5-GROUND,Block,SS5-B3-06-02-2,SS5-B3,06-02,2,RTG-05,RTG,0,OP-005,JOB-B1C66039,2025-02-06 17:34:00,2025-02-06 17:46:20,12,0,N/A,Zone optimization movement,In Yard,29,Forced,Forced,0,0,136,81.6,26.4,High
113,MOV-4EE7B61C5B,2025-02-06 17:58:10,Stack,CNT-0048,MSCU2861709,22G1,1,Dry,Full,17.9,Medium,Sea-Side,SB245129,V027,VOY-2502-KOC-27,Kochi,3,2025-02-07 13:09:00,2025-02-07 13:47:00,2025-02-07 17:09:00,export_container,Stack,Block,SS5-B3-06-02-2,Block,SS1-B3-12-02-3,SS1-B3,12-02,3,RTG-05,RTG,3,OP-010,JOB-B1C66039,2025-02-06 17:58:00,2025-02-06 17:58:10,0,0,N/A,Yard stacking for storage,In Yard,12,Planned,Optimal,0,0,148,72,66.3,Medium
114,MOV-F74820CE4D,2025-02-06 18:04:49,Unstack,CNT-0048,MSCU2861709,22G1,1,Dry,Full,17.9,Medium,Sea-Side,SB245129,V027,VOY-2502-KOC-27,Kochi,3,2025-02-07 13:09:00,2025-02-07 12:57:00,2025-02-07 17:09:00,export_container,Unstack,Block,SS1-B3-12-02-3,Yard,SS1-B3-GROUND,SS1-B3,GROUND,0,RTG-08,RTG,0,OP-015,JOB-B1C66039,2025-02-06 18:04:00,2025-02-06 18:04:49,0,0,N/A,Retrieval for repositioning,On Ground,6,Planned,Suboptimal,0,0,154,65.2,30.7,Medium
115,MOV-6A6A02D796,2025-02-06 18:24:57,Rehandle,CNT-0048,MSCU2861709,22G1,1,Dry,Full,17.9,Medium,Sea-Side,SB245129,V027,VOY-2502-KOC-27,Kochi,3,2025-02-07 13:09:00,2025-02-07 13:16:00,2025-02-07 17:09:00,export_container,Transfer,Yard,SS1-B3-GROUND,Block,SS5-B5-11-06-3,SS5-B5,11-06,3,RTG-05,RTG,0,OP-019,JOB-B1C66039,2025-02-06 18:24:00,2025-02-06 18:24:57,0,0,N/A,Blocking container removal for access,In Yard,20,Forced,Suboptimal,1,1,174,63.2,30.7,Medium
116,MOV-6D04B8573E,2025-02-06 18:39:35,Stack,CNT-0048,MSCU2861709,22G1,1,Dry,Full,17.9,Medium,Sea-Side,SB245129,V027,VOY-2502-KOC-27,Kochi,3,2025-02-07 13:09:00,2025-02-07 12:53:00,2025-02-07 17:09:00,export_container,Stack,Block,SS5-B5-11-06-3,Block,SS4-B3-04-06-4,SS4-B3,04-06,4,RTG-05,RTG,4,OP-010,JOB-B1C66039,2025-02-06 18:39:00,2025-02-06 18:39:35,0,0,N/A,Yard stacking for storage,In Yard,15,Planned,Optimal,0,1,189,60.8,30.7,Medium
117,MOV-11A5B4A365,2025-02-06 18:44:22,Unstack,CNT-0048,MSCU2861709,22G1,1,Dry,Full,17.9,Medium,Sea-Side,SB245129,V027,VOY-2502-KOC-27,Kochi,3,2025-02-07 13:09:00,2025-02-07 12:50:00,2025-02-07 17:09:00,export_container,Unstack,Block,SS4-B3-04-06-4,Yard,SS4-B3-GROUND,SS4-B3,GROUND,0,RTG-05,RTG,0,OP-011,JOB-B1C66039,2025-02-06 18:44:00,2025-02-06 18:44:22,0,0,N/A,Retrieval for repositioning,On Ground,5,Forced,Forced,1,1,194,64.2,56.4,Medium
118,MOV-7B5D5C2A92,2025-02-06 18:55:34,Rehandle,CNT-0048,MSCU2861709,22G1,1,Dry,Full,17.9,Medium,Sea-Side,SB245129,V027,VOY-2502-KOC-27,Kochi,3,2025-02-07 13:09:00,2025-02-07 13:36:00,2025-02-07 17:09:00,export_container,Transfer,Yard,SS4-B3-GROUND,Block,SS5-B2-09-02-1,SS5-B2,09-02,1,RTG-05,RTG,0,OP-003,JOB-B1C66039,2025-02-06 18:55:00,2025-02-06 18:55:34,0,0,N/A,Blocking container removal for access,In Yard,11,Forced,Suboptimal,1,2,205,61.8,56.4,Medium
119,MOV-F193247515,2025-02-06 19:08:54,Stack,CNT-0048,MSCU2861709,22G1,1,Dry,Full,17.9,Medium,Sea-Side,SB245129,V027,VOY-2502-KOC-27,Kochi,3,2025-02-07 13:09:00,2025-02-07 13:33:00,2025-02-07 17:09:00,export_container,Stack,Block,SS5-B2-09-02-1,Block,SS5-B5-17-01-3,SS5-B5,17-01,3,RTG-05,RTG,3,OP-012,JOB-B1C66039,2025-02-06 19:08:00,2025-02-06 19:08:54,0,0,N/A,Yard stacking for storage,In Yard,13,Planned,Optimal,0,2,218,62,56.4,Medium
120,MOV-B3619BDDBE,2025-02-06 19:19:19,Unstack,CNT-0048,MSCU2861709,22G1,1,Dry,Full,17.9,Medium,Sea-Side,SB245129,V027,VOY-2502-KOC-27,Kochi,3,2025-02-07 13:09:00,2025-02-07 13:36:00,2025-02-07 17:09:00,export_container,Unstack,Block,SS5-B5-17-01-3,Yard,SS5-B5-GROUND,SS5-B5,GROUND,0,RTG-05,RTG,0,OP-018,JOB-B1C66039,2025-02-06 19:19:00,2025-02-06 19:19:19,0,0,N/A,Retrieval for repositioning,On Ground,11,Forced,Forced,1,2,229,60.7,19.8,Medium
121,MOV-B52A11F3C7,2025-02-06 19:31:57,Rehandle,CNT-0048,MSCU2861709,22G1,1,Dry,Full,17.9,Medium,Sea-Side,SB245129,V027,VOY-2502-KOC-27,Kochi,3,2025-02-07 13:09:00,2025-02-07 13:32:00,2025-02-07 17:09:00,export_container,Transfer,Yard,SS5-B5-GROUND,Block,SS4-B4-10-02-4,SS4-B4,10-02,4,RTG-05,RTG,0,OP-005,JOB-B1C66039,2025-02-06 19:31:00,2025-02-06 19:31:57,0,0,N/A,Blocking container removal for access,In Yard,12,Forced,Suboptimal,1,3,241,63.2,19.8,Medium
122,MOV-882A58600F,2025-02-06 19:45:05,Stack,CNT-0048,MSCU2861709,22G1,1,Dry,Full,17.9,Medium,Sea-Side,SB245129,V027,VOY-2502-KOC-27,Kochi,3,2025-02-07 13:09:00,2025-02-07 12:39:00,2025-02-07 17:09:00,export_container,Stack,Block,SS4-B4-10-02-4,Block,SS3-B4-17-03-1,SS3-B4,17-03,1,RTG-05,RTG,1,OP-014,JOB-B1C66039,2025-02-06 19:45:00,2025-02-06 19:45:05,0,0,N/A,Yard stacking for storage,In Yard,14,Planned,Optimal,0,3,255,61.4,19.8,Medium
123,MOV-793EAF6053,2025-02-06 21:36:11,Pre-Staging,CNT-0048,MSCU2861709,22G1,1,Dry,Full,17.9,Medium,Sea-Side,SB245129,V027,VOY-2502-KOC-27,Kochi,3,2025-02-07 13:09:00,2025-02-07 13:27:00,2025-02-07 17:09:00,export_container,Yard Out,Block,SS3-B4-17-03-1,Block,SS5-B4-19-07-2,SS5-B4,19-07,2,RTG-05,RTG,2,OP-010,JOB-B1C66039,2025-02-06 21:36:00,2025-02-06 21:36:11,0,0,N/A,Vessel cutoff preparation - VOY-2502-KOC-27,In Yard,111,Planned,Optimal,0,3,366,65.2,40.2,Medium
124,MOV-3C87AAADC5,2025-02-07 04:00:53,Vessel Load,CNT-0048,MSCU2861709,22G1,1,Dry,Full,17.9,Medium,Sea-Side,SB245129,V027,VOY-2502-KOC-27,Kochi,3,2025-02-07 13:09:00,2025-02-07 13:53:00,2025-02-07 17:09:00,export_container,Vessel Load,Block,SS5-B4-19-07-2,Vessel,V027,SS5-B4,N/A,0,QC-02,QC,0,OP-010,JOB-B1C66039,2025-02-07 04:00:00,2025-02-07 04:00:53,0,0,N/A,Loading to Kochi service,Loaded,384,Planned,Optimal,0,3,750,64.5,30.4,Medium
125,MOV-445D6E5F1A,2025-02-07 14:50:49,Vessel Discharge,CNT-0022,MAEU8802985,22G0,1,Dry,Full,5.2,Light,Land-Side,N/A,V026,VOY-2502-JNPT-26,JNPT,2,2025-02-07 11:13:00,2025-02-07 11:08:00,2025-02-07 16:13:00,import_container,Yard In,Vessel,V026,Yard,Land-Side,N/A,N/A,0,QC-02,QC,0,OP-018,JOB-C5498C9E,2025-02-07 14:50:00,2025-02-07 14:50:49,0,0,N/A,Import discharge from JNPT service,In Transit,0,Planned,Optimal,0,0,0,77,33.5,Medium
126,MOV-2CB9B0C57D,2025-02-07 15:25:42,Yard In,CNT-0022,MAEU8802985,22G0,1,Dry,Full,5.2,Light,Land-Side,N/A,V026,VOY-2502-JNPT-26,JNPT,2,2025-02-07 11:13:00,2025-02-07 11:31:00,2025-02-07 16:13:00,import_container,Yard In,Yard,Land-Side,Block,LS3-B6-01-03-1,LS3-B6,01-03,1,RTG-07,RTG,0,OP-010,JOB-C5498C9E,2025-02-07 15:25:00,2025-02-07 15:25:42,0,0,N/A,Initial yard positioning,In Transit,35,Planned,Optimal,0,0,35,75.3,30.1,Medium
127,MOV-5FCF159124,2025-02-07 15:31:26,Stack,CNT-0022,MAEU8802985,22G0,1,Dry,Full,5.2,Light,Land-Side,N/A,V026,VOY-2502-JNPT-26,JNPT,2,2025-02-07 11:13:00,2025-02-07 12:12:00,2025-02-07 16:13:00,import_container,Stack,Block,LS3-B6-01-03-1,Block,LS1-B2-09-01-1,LS1-B2,09-01,1,RTG-09,RTG,1,OP-012,JOB-C5498C9E,2025-02-07 14:10:00,2025-02-07 15:31:26,81,1,Priority uplift by shipping line - expedited handling,Priority uplift by shipping line - expedited handling,In Yard,6,Forced,Suboptimal,0,0,41,76.1,58.5,Medium
128,MOV-3F1F229934,2025-02-07 15:43:40,Unstack,CNT-0022,MAEU8802985,22G0,1,Dry,Full,5.2,Light,Land-Side,N/A,V026,VOY-2502-JNPT-26,JNPT,2,2025-02-07 11:13:00,2025-02-07 11:33:00,2025-02-07 16:13:00,import_container,Unstack,Block,LS1-B2-09-01-1,Yard,LS1-B2-GROUND,LS1-B2,GROUND,0,RTG-07,RTG,0,OP-003,JOB-C5498C9E,2025-02-07 15:43:00,2025-02-07 15:43:40,0,0,N/A,Retrieval for repositioning,On Ground,12,Planned,Suboptimal,0,0,53,78.4,39,Medium
129,MOV-932FBA233C,2025-02-07 16:16:25,Yard Shift,CNT-0022,MAEU8802985,22G0,1,Dry,Full,5.2,Light,Land-Side,N/A,V026,VOY-2502-JNPT-26,JNPT,2,2025-02-07 11:13:00,2025-02-07 12:12:00,2025-02-07 16:13:00,import_container,Transfer,Block,LS1-B2-GROUND,Block,SS2-B3-09-07-3,SS2-B3,09-07,3,RTG-07,RTG,0,OP-011,JOB-C5498C9E,2025-02-07 16:16:00,2025-02-07 16:16:25,0,0,N/A,Zone optimization movement,In Yard,33,Planned,Suboptimal,0,0,86,76.5,47.7,Medium
130,MOV-FADF62D721,2025-02-07 16:26:29,Stack,CNT-0022,MAEU8802985,22G0,1,Dry,Full,5.2,Light,Land-Side,N/A,V026,VOY-2502-JNPT-26,JNPT,2,2025-02-07 11:13:00,2025-02-07 11:23:00,2025-02-07 16:13:00,import_container,Stack,Block,SS2-B3-09-07-3,Block,LS2-B7-19-01-2,LS2-B7,19-01,2,RTG-09,RTG,2,OP-014,JOB-C5498C9E,2025-02-07 16:26:00,2025-02-07 16:26:29,0,0,N/A,Yard stacking for storage,In Yard,10,Planned,Optimal,0,0,96,74.1,41.6,Medium
131,MOV-64F33DD007,2025-02-07 16:32:29,Unstack,CNT-0022,MAEU8802985,22G0,1,Dry,Full,5.2,Light,Land-Side,N/A,V026,VOY-2502-JNPT-26,JNPT,2,2025-02-07 11:13:00,2025-02-07 11:16:00,2025-02-07 16:13:00,import_container,Unstack,Block,LS2-B7-19-01-2,Yard,LS2-B7-GROUND,LS2-B7,GROUND,0,RTG-07,RTG,0,OP-004,JOB-C5498C9E,2025-02-07 16:32:00,2025-02-07 16:32:29,0,0,N/A,Retrieval for repositioning,On Ground,6,Planned,Suboptimal,0,0,102,79.3,50.5,Medium
132,MOV-B8FD8B5B3D,2025-02-07 16:44:15,Rehandle,CNT-0022,MAEU8802985,22G0,1,Dry,Full,5.2,Light,Land-Side,N/A,V026,VOY-2502-JNPT-26,JNPT,2,2025-02-07 11:13:00,2025-02-07 11:28:00,2025-02-07 16:13:00,import_container,Transfer,Yard,LS2-B7-GROUND,Block,LS1-B2-11-02-1,LS1-B2,11-02,1,RTG-07,RTG,0,OP-013,JOB-C5498C9E,2025-02-07 16:44:00,2025-02-07 16:44:15,0,0,N/A,Blocking container removal for access,In Yard,12,Forced,Suboptimal,1,1,114,73.9,56.7,Medium
133,MOV-171B4293D8,2025-02-07 16:57:15,Stack,CNT-0022,MAEU8802985,22G0,1,Dry,Full,5.2,Light,Land-Side,N/A,V026,VOY-2502-JNPT-26,JNPT,2,2025-02-07 11:13:00,2025-02-07 10:55:00,2025-02-07 16:13:00,import_container,Stack,Block,LS1-B2-11-02-1,Block,LS2-B1-13-07-4,LS2-B1,13-07,4,RTG-09,RTG,4,OP-015,JOB-C5498C9E,2025-02-07 16:57:00,2025-02-07 16:57:15,0,0,N/A,Yard stacking for storage,In Yard,13,Planned,Optimal,0,1,127,70.4,56.6,Medium
134,MOV-D87C917CD0,2025-02-07 17:03:14,Unstack,CNT-0022,MAEU8802985,22G0,1,Dry,Full,5.2,Light,Land-Side,N/A,V026,VOY-2502-JNPT-26,JNPT,2,2025-02-07 11:13:00,2025-02-07 10:59:00,2025-02-07 16:13:00,import_container,Unstack,Block,LS2-B1-13-07-4,Yard,LS2-B1-GROUND,LS2-B1,GROUND,0,RTG-07,RTG,0,OP-007,JOB-C5498C9E,2025-02-07 17:03:00,2025-02-07 17:03:14,0,0,N/A,Retrieval for repositioning,On Ground,6,Forced,Forced,1,1,133,77,30.3,Medium
135,MOV-A4B71BC20E,2025-02-07 17:25:57,Rehandle,CNT-0022,MAEU8802985,22G0,1,Dry,Full,5.2,Light,Land-Side,N/A,V026,VOY-2502-JNPT-26,JNPT,2,2025-02-07 11:13:00,2025-02-07 12:05:00,2025-02-07 16:13:00,import_container,Transfer,Yard,LS2-B1-GROUND,Block,LS3-B7-03-01-1,LS3-B7,03-01,1,RTG-07,RTG,0,OP-015,JOB-C5498C9E,2025-02-07 17:25:00,2025-02-07 17:25:57,0,0,N/A,Blocking container removal for access,In Yard,22,Forced,Suboptimal,1,2,155,75.7,36.6,Medium
136,MOV-A9F0A7080D,2025-02-07 17:32:46,Stack,CNT-0022,MAEU8802985,22G0,1,Dry,Full,5.2,Light,Land-Side,N/A,V026,VOY-2502-JNPT-26,JNPT,2,2025-02-07 11:13:00,2025-02-07 11:33:00,2025-02-07 16:13:00,import_container,Stack,Block,LS3-B7-03-01-1,Block,LS1-B1-15-01-2,LS1-B1,15-01,2,RTG-07,RTG,2,OP-016,JOB-C5498C9E,2025-02-07 17:32:00,2025-02-07 17:32:46,0,0,N/A,Yard stacking for storage,In Yard,7,Planned,Optimal,0,2,162,74.2,38.3,Medium
137,MOV-37F3046CBA,2025-02-08 04:00:17,Gate Out,CNT-0022,MAEU8802985,22G0,1,Dry,Full,5.2,Light,Land-Side,N/A,V026,VOY-2502-JNPT-26,JNPT,2,2025-02-07 11:13:00,2025-02-07 11:40:00,2025-02-07 16:13:00,import_container,Gate Out,Block,LS1-B1-15-01-2,Gate,GATE-3,LS1-B1,N/A,0,TT-06,internal truck,0,OP-005,JOB-C5498C9E,2025-02-08 04:00:00,2025-02-08 04:00:17,0,0,N/A,Import delivery to consignee,Exited,628,Planned,Optimal,0,2,790,67.9,17.9,Medium
138,MOV-E672AF8F66,2025-02-15 09:07:43,Vessel Discharge,CNT-0003,APLU2721135,42G1,2,Dry,Full,31.2,Heavy,Land-Side,N/A,V033,VOY-2502-CLB-33,Colombo,1,2025-02-15 07:24:00,2025-02-15 07:00:00,2025-02-15 13:24:00,import_container,Yard In,Vessel,V033,Yard,Land-Side,N/A,N/A,0,QC-02,QC,0,OP-005,JOB-9A89BC74,2025-02-15 09:07:00,2025-02-15 09:07:43,0,0,N/A,Import discharge from Colombo service,In Transit,0,Planned,Optimal,0,0,0,72.8,30.6,Medium
139,MOV-509E952C5F,2025-02-15 09:36:38,Yard In,CNT-0003,APLU2721135,42G1,2,Dry,Full,31.2,Heavy,Land-Side,N/A,V033,VOY-2502-CLB-33,Colombo,1,2025-02-15 07:24:00,2025-02-15 08:13:00,2025-02-15 13:24:00,import_container,Yard In,Yard,Land-Side,Block,LS2-B1-18-07-4,LS2-B1,18-07,4,RTG-03,RTG,0,OP-008,JOB-9A89BC74,2025-02-15 09:36:00,2025-02-15 09:36:38,0,0,N/A,Initial yard positioning,In Transit,29,Planned,Optimal,0,0,29,76,30.7,Medium
140,MOV-591C47C15D,2025-02-15 09:49:06,Stack,CNT-0003,APLU2721135,42G1,2,Dry,Full,31.2,Heavy,Land-Side,N/A,V033,VOY-2502-CLB-33,Colombo,1,2025-02-15 07:24:00,2025-02-15 07:20:00,2025-02-15 13:24:00,import_container,Stack,Block,LS2-B1-18-07-4,Block,LS4-B3-19-05-1,LS4-B3,19-05,1,RTG-03,RTG,1,OP-007,JOB-9A89BC74,2025-02-15 09:49:00,2025-02-15 09:49:06,0,0,N/A,Yard stacking for storage,In Yard,13,Planned,Optimal,0,0,42,71.4,33.2,Medium
141,MOV-1F06148883,2025-02-15 09:58:10,Unstack,CNT-0003,APLU2721135,42G1,2,Dry,Full,31.2,Heavy,Land-Side,N/A,V033,VOY-2502-CLB-33,Colombo,1,2025-02-15 07:24:00,2025-02-15 06:54:00,2025-02-15 13:24:00,import_container,Unstack,Block,LS4-B3-19-05-1,Yard,LS4-B3-GROUND,LS4-B3,GROUND,0,RTG-04,RTG,0,OP-014,JOB-9A89BC74,2025-02-15 09:58:00,2025-02-15 09:58:10,0,0,N/A,Retrieval for repositioning,On Ground,9,Planned,Suboptimal,0,0,51,69.7,26.2,Medium
142,MOV-BB7F7D87C1,2025-02-15 10:27:50,Yard Shift,CNT-0003,APLU2721135,42G1,2,Dry,Full,31.2,Heavy,Land-Side,N/A,V033,VOY-2502-CLB-33,Colombo,1,2025-02-15 07:24:00,2025-02-15 08:14:00,2025-02-15 13:24:00,import_container,Transfer,Block,LS4-B3-GROUND,Block,SS3-B3-15-01-2,SS3-B3,15-01,2,RTG-03,RTG,0,OP-019,JOB-9A89BC74,2025-02-15 10:27:00,2025-02-15 10:27:50,0,0,N/A,Zone optimization movement,In Yard,29,Planned,Suboptimal,0,0,80,71.9,24.8,Medium
143,MOV-D808B21CB6,2025-02-15 10:42:50,Stack,CNT-0003,APLU2721135,42G1,2,Dry,Full,31.2,Heavy,Land-Side,N/A,V033,VOY-2502-CLB-33,Colombo,1,2025-02-15 07:24:00,2025-02-15 07:33:00,2025-02-15 13:24:00,import_container,Stack,Block,SS3-B3-15-01-2,Block,LS2-B6-05-03-2,LS2-B6,05-03,2,RTG-03,RTG,2,OP-020,JOB-9A89BC74,2025-02-15 10:42:00,2025-02-15 10:42:50,0,0,N/A,Yard stacking for storage,In Yard,15,Planned,Suboptimal,0,0,95,71.4,47,Medium
144,MOV-CEB4E671FC,2025-02-16 11:30:43,Gate In,CNT-0045,OOLU6789409,22R1,1,Reefer,Full,20.2,Heavy,Sea-Side,SB599401,V039,VOY-2502-KOC-39,Kochi,3,2025-02-19 08:32:00,2025-02-19 08:42:00,2025-02-19 14:32:00,export_container,Gate In,Gate,GATE-8,Yard,Sea-Side,N/A,N/A,0,TT-09,internal truck,0,OP-017,JOB-3E1A5FBD,2025-02-16 11:30:00,2025-02-16 11:30:43,0,0,N/A,Export cargo arrival from CFS/ICD,In Transit,0,Planned,Optimal,0,0,0,70.2,32.7,Medium
145,MOV-0CA1AC7D19,2025-02-16 11:52:06,Yard In,CNT-0045,OOLU6789409,22R1,1,Reefer,Full,20.2,Heavy,Sea-Side,SB599401,V039,VOY-2502-KOC-39,Kochi,3,2025-02-19 08:32:00,2025-02-19 08:34:00,2025-02-19 14:32:00,export_container,Yard In,Yard,Sea-Side,Block,SS2-B1-11-03-3,SS2-B1,11-03,3,TT-09,internal truck,0,OP-019,JOB-3E1A5FBD,2025-02-16 11:52:00,2025-02-16 11:52:06,0,0,N/A,Initial yard positioning,In Transit,22,Planned,Optimal,0,0,22,66.5,33.4,Medium
146,MOV-896D53F5A7,2025-02-16 12:03:43,Stack,CNT-0045,OOLU6789409,22R1,1,Reefer,Full,20.2,Heavy,Sea-Side,SB599401,V039,VOY-2502-KOC-39,Kochi,3,2025-02-19 08:32:00,2025-02-19 08:03:00,2025-02-19 14:32:00,export_container,Stack,Block,SS2-B1-11-03-3,Block,SS1-B1-17-03-2,SS1-B1,17-03,2,RTG-06,RTG,2,OP-003,JOB-3E1A5FBD,2025-02-16 11:47:00,2025-02-16 12:03:43,16,1,Last-minute vessel cutoff change - timeline compressed,Last-minute vessel cutoff change - timeline compressed,In Yard,11,Forced,Suboptimal,0,0,33,58.7,50.5,Low
147,MOV-2BCC6B2C75,2025-02-16 12:08:14,Unstack,CNT-0045,OOLU6789409,22R1,1,Reefer,Full,20.2,Heavy,Sea-Side,SB599401,V039,VOY-2502-KOC-39,Kochi,3,2025-02-19 08:32:00,2025-02-19 08:38:00,2025-02-19 14:32:00,export_container,Unstack,Block,SS1-B1-17-03-2,Yard,SS1-B1-GROUND,SS1-B1,GROUND,0,RTG-08,RTG,0,OP-009,JOB-3E1A5FBD,2025-02-16 12:08:00,2025-02-16 12:08:14,0,0,N/A,Retrieval for repositioning,On Ground,5,Planned,Suboptimal,0,0,38,57.5,24.8,Low
148,MOV-72BA200D0B,2025-02-16 12:29:07,Yard Shift,CNT-0045,OOLU6789409,22R1,1,Reefer,Full,20.2,Heavy,Sea-Side,SB599401,V039,VOY-2502-KOC-39,Kochi,3,2025-02-19 08:32:00,2025-02-19 08:13:00,2025-02-19 14:32:00,export_container,Transfer,Block,SS1-B1-GROUND,Block,SS1-B1-20-06-1,SS1-B1,20-06,1,RTG-06,RTG,0,OP-020,JOB-3E1A5FBD,2025-02-16 12:29:00,2025-02-16 12:29:07,0,0,N/A,Zone optimization movement,In Yard,21,Planned,Suboptimal,0,0,59,56.2,24.8,Low
149,MOV-6FAC89B2DD,2025-02-16 12:36:42,Stack,CNT-0045,OOLU6789409,22R1,1,Reefer,Full,20.2,Heavy,Sea-Side,SB599401,V039,VOY-2502-KOC-39,Kochi,3,2025-02-19 08:32:00,2025-02-19 08:11:00,2025-02-19 14:32:00,export_container,Stack,Block,SS1-B1-20-06-1,Block,SS1-B1-04-06-2,SS1-B1,04-06,2,RTG-08,RTG,2,OP-015,JOB-3E1A5FBD,2025-02-16 12:36:00,2025-02-16 12:36:42,0,0,N/A,Yard stacking for storage,In Yard,7,Planned,Optimal,0,0,66,58.8,24.8,Low
150,MOV-68B593E084,2025-02-16 12:45:49,Unstack,CNT-0045,OOLU6789409,22R1,1,Reefer,Full,20.2,Heavy,Sea-Side,SB599401,V039,VOY-2502-KOC-39,Kochi,3,2025-02-19 08:32:00,2025-02-19 08:43:00,2025-02-19 14:32:00,export_container,Unstack,Block,SS1-B1-04-06-2,Yard,SS1-B1-GROUND,SS1-B1,GROUND,0,RTG-06,RTG,0,OP-009,JOB-3E1A5FBD,2025-02-16 12:45:00,2025-02-16 12:45:49,0,0,N/A,Retrieval for repositioning,On Ground,9,Planned,Suboptimal,0,0,75,60.3,24.8,Medium
151,MOV-27F42412F7,2025-02-16 13:00:52,Rehandle,CNT-0045,OOLU6789409,22R1,1,Reefer,Full,20.2,Heavy,Sea-Side,SB599401,V039,VOY-2502-KOC-39,Kochi,3,2025-02-19 08:32:00,2025-02-19 08:35:00,2025-02-19 14:32:00,export_container,Transfer,Yard,SS1-B1-GROUND,Block,SS2-B1-13-03-1,SS2-B1,13-03,1,RTG-06,RTG,0,OP-006,JOB-3E1A5FBD,2025-02-16 13:00:00,2025-02-16 13:00:52,0,0,N/A,Blocking container removal for access,In Yard,15,Forced,Suboptimal,1,1,90,57.9,24.8,Low
152,MOV-99E887FB0D,2025-02-16 13:12:49,Stack,CNT-0045,OOLU6789409,22R1,1,Reefer,Full,20.2,Heavy,Sea-Side,SB599401,V039,VOY-2502-KOC-39,Kochi,3,2025-02-19 08:32:00,2025-02-19 08:57:00,2025-02-19 14:32:00,export_container,Stack,Block,SS2-B1-13-03-1,Block,SS2-B1-06-06-4,SS2-B1,06-06,4,RTG-06,RTG,4,OP-007,JOB-3E1A5FBD,2025-02-16 13:12:00,2025-02-16 13:12:49,0,0,N/A,Yard stacking for storage,In Yard,12,Planned,Optimal,0,1,102,58.6,24.8,Low
153,MOV-D2D742EF91,2025-02-16 15:00:28,Pre-Staging,CNT-0045,OOLU6789409,22R1,1,Reefer,Full,20.2,Heavy,Sea-Side,SB599401,V039,VOY-2502-KOC-39,Kochi,3,2025-02-19 08:32:00,2025-02-19 08:04:00,2025-02-19 14:32:00,export_container,Yard Out,Block,SS2-B1-06-06-4,Block,SS1-B1-03-01-3,SS1-B1,03-01,3,RTG-06,RTG,3,OP-016,JOB-3E1A5FBD,2025-02-16 15:00:00,2025-02-16 15:00:28,0,0,N/A,Vessel cutoff preparation - VOY-2502-KOC-39,In Yard,108,Planned,Optimal,0,1,210,79.2,62.7,Medium
154,MOV-31F8716B56,2025-02-16 15:19:09,Vessel Load,CNT-0045,OOLU6789409,22R1,1,Reefer,Full,20.2,Heavy,Sea-Side,SB599401,V039,VOY-2502-KOC-39,Kochi,3,2025-02-19 08:32:00,2025-02-19 09:31:00,2025-02-19 14:32:00,export_container,Vessel Load,Block,SS1-B1-03-01-3,Vessel,V039,SS1-B1,N/A,0,QC-02,QC,0,OP-011,JOB-3E1A5FBD,2025-02-16 15:19:00,2025-02-16 15:19:09,0,0,N/A,Loading to Kochi service,Loaded,19,Planned,Optimal,0,1,229,73.9,30.2,Medium
155,MOV-5DFD3BF330,2025-02-17 04:00:34,Gate Out,CNT-0003,APLU2721135,42G1,2,Dry,Full,31.2,Heavy,Land-Side,N/A,V033,VOY-2502-CLB-33,Colombo,1,2025-02-15 07:24:00,2025-02-15 07:57:00,2025-02-15 13:24:00,import_container,Gate Out,Block,LS2-B6-05-03-2,Gate,GATE-5,LS2-B6,N/A,0,TT-02,internal truck,0,OP-015,JOB-9A89BC74,2025-02-17 04:00:00,2025-02-17 04:00:34,0,0,N/A,Import delivery to consignee,Exited,2478,Planned,Optimal,0,0,2573,52.1,37.3,Low
156,MOV-DB6A5862A9,2025-02-19 06:24:27,Gate In,CNT-0001,EGLV3995870,42G0,2,Dry,Full,25.5,Heavy,Land-Side,SB557592,V041,VOY-2502-CLB-41,Colombo,1,2025-02-22 08:23:00,2025-02-22 08:01:00,2025-02-22 14:23:00,export_container,Gate In,Gate,GATE-4,Yard,Land-Side,N/A,N/A,0,TT-01,internal truck,0,OP-011,JOB-9D2F3E7E,2025-02-19 06:24:00,2025-02-19 06:24:27,0,0,N/A,Export cargo arrival from CFS/ICD,In Transit,0,Planned,Optimal,0,0,0,58.8,24.8,Low
157,MOV-1AF5FA9F91,2025-02-19 07:23:25,Yard In,CNT-0001,EGLV3995870,42G0,2,Dry,Full,25.5,Heavy,Land-Side,SB557592,V041,VOY-2502-CLB-41,Colombo,1,2025-02-22 08:23:00,2025-02-22 09:22:00,2025-02-22 14:23:00,export_container,Yard In,Yard,Land-Side,Block,LS3-B5-10-06-4,LS3-B5,10-06,4,RTG-01,RTG,0,OP-010,JOB-9D2F3E7E,2025-02-19 07:23:00,2025-02-19 07:23:25,0,0,N/A,Initial yard positioning,In Transit,59,Planned,Optimal,0,0,59,63.1,24.8,Medium
158,MOV-F866F53105,2025-02-19 07:36:00,Stack,CNT-0001,EGLV3995870,42G0,2,Dry,Full,25.5,Heavy,Land-Side,SB557592,V041,VOY-2502-CLB-41,Colombo,1,2025-02-22 08:23:00,2025-02-22 08:31:00,2025-02-22 14:23:00,export_container,Stack,Block,LS3-B5-10-06-4,Block,LS4-B6-06-05-3,LS4-B6,06-05,3,RTG-01,RTG,3,OP-010,JOB-9D2F3E7E,2025-02-19 07:36:00,2025-02-19 07:36:00,0,0,N/A,Yard stacking for storage,In Yard,13,Planned,Optimal,0,0,72,59.2,58.2,Low
159,MOV-CC9AEF2C7F,2025-02-19 07:44:20,Unstack,CNT-0001,EGLV3995870,42G0,2,Dry,Full,25.5,Heavy,Land-Side,SB557592,V041,VOY-2502-CLB-41,Colombo,1,2025-02-22 08:23:00,2025-02-22 08:52:00,2025-02-22 14:23:00,export_container,Unstack,Block,LS4-B6-06-05-3,Yard,LS4-B6-GROUND,LS4-B6,GROUND,0,RTG-02,RTG,0,OP-015,JOB-9D2F3E7E,2025-02-19 07:44:00,2025-02-19 07:44:20,0,0,N/A,Retrieval for repositioning,On Ground,8,Planned,Suboptimal,0,0,80,62.3,44.5,Medium
160,MOV-DC3352BF34,2025-02-19 08:13:52,Yard Shift,CNT-0001,EGLV3995870,42G0,2,Dry,Full,25.5,Heavy,Land-Side,SB557592,V041,VOY-2502-CLB-41,Colombo,1,2025-02-22 08:23:00,2025-02-22 08:23:00,2025-02-22 14:23:00,export_container,Transfer,Block,LS4-B6-GROUND,Block,SS2-B1-10-05-3,SS2-B1,10-05,3,RTG-01,RTG,0,OP-010,JOB-9D2F3E7E,2025-02-19 08:13:00,2025-02-19 08:13:52,0,0,N/A,Zone optimization movement,In Yard,29,Planned,Suboptimal,0,0,109,72.7,57.4,Medium
161,MOV-F3340122C7,2025-02-19 08:21:45,Stack,CNT-0001,EGLV3995870,42G0,2,Dry,Full,25.5,Heavy,Land-Side,SB557592,V041,VOY-2502-CLB-41,Colombo,1,2025-02-22 08:23:00,2025-02-22 09:22:00,2025-02-22 14:23:00,export_container,Stack,Block,SS2-B1-10-05-3,Block,LS4-B5-03-04-4,LS4-B5,03-04,4,RTG-01,RTG,4,OP-013,JOB-9D2F3E7E,2025-02-19 08:21:00,2025-02-19 08:21:45,0,0,N/A,Yard stacking for storage,In Yard,8,Planned,Optimal,0,0,117,71.8,56,Medium
162,MOV-E546A112F2,2025-02-19 08:33:55,Unstack,CNT-0001,EGLV3995870,42G0,2,Dry,Full,25.5,Heavy,Land-Side,SB557592,V041,VOY-2502-CLB-41,Colombo,1,2025-02-22 08:23:00,2025-02-22 08:06:00,2025-02-22 14:23:00,export_container,Unstack,Block,LS4-B5-03-04-4,Yard,LS4-B5-GROUND,LS4-B5,GROUND,0,RTG-02,RTG,0,OP-014,JOB-9D2F3E7E,2025-02-19 08:33:00,2025-02-19 08:33:55,0,0,N/A,Retrieval for repositioning,On Ground,12,Planned,Suboptimal,0,0,129,67.7,46.5,Medium
163,MOV-61B7A92315,2025-02-19 08:55:08,Yard Shift,CNT-0001,EGLV3995870,42G0,2,Dry,Full,25.5,Heavy,Land-Side,SB557592,V041,VOY-2502-CLB-41,Colombo,1,2025-02-22 08:23:00,2025-02-22 08:52:00,2025-02-22 14:23:00,export_container,Transfer,Block,LS4-B5-GROUND,Block,SS1-B5-08-07-1,SS1-B5,08-07,1,RTG-01,RTG,0,OP-017,JOB-9D2F3E7E,2025-02-19 08:55:00,2025-02-19 08:55:08,0,0,N/A,Zone optimization movement,In Yard,22,Planned,Suboptimal,0,0,151,70.3,44.8,Medium
164,MOV-030A9D1B26,2025-02-19 09:08:28,Stack,CNT-0001,EGLV3995870,42G0,2,Dry,Full,25.5,Heavy,Land-Side,SB557592,V041,VOY-2502-CLB-41,Colombo,1,2025-02-22 08:23:00,2025-02-22 08:26:00,2025-02-22 14:23:00,export_container,Stack,Block,SS1-B5-08-07-1,Block,LS4-B7-18-04-2,LS4-B7,18-04,2,RTG-01,RTG,2,OP-008,JOB-9D2F3E7E,2025-02-19 09:08:00,2025-02-19 09:08:28,0,0,N/A,Yard stacking for storage,In Yard,13,Planned,Optimal,0,0,164,74.5,41.2,Medium
165,MOV-82377C18D2,2025-02-19 09:23:17,Unstack,CNT-0001,EGLV3995870,42G0,2,Dry,Full,25.5,Heavy,Land-Side,SB557592,V041,VOY-2502-CLB-41,Colombo,1,2025-02-22 08:23:00,2025-02-22 08:49:00,2025-02-22 14:23:00,export_container,Unstack,Block,LS4-B7-18-04-2,Yard,LS4-B7-GROUND,LS4-B7,GROUND,0,RTG-01,RTG,0,OP-003,JOB-9D2F3E7E,2025-02-19 09:23:00,2025-02-19 09:23:17,0,0,N/A,Retrieval for repositioning,On Ground,15,Planned,Suboptimal,0,0,179,70.3,52.9,Medium
166,MOV-0D80B4E6D2,2025-02-19 09:42:13,Rehandle,CNT-0001,EGLV3995870,42G0,2,Dry,Full,25.5,Heavy,Land-Side,SB557592,V041,VOY-2502-CLB-41,Colombo,1,2025-02-22 08:23:00,2025-02-22 08:01:00,2025-02-22 14:23:00,export_container,Transfer,Yard,LS4-B7-GROUND,Block,SS2-B2-13-06-2,SS2-B2,13-06,2,RTG-01,RTG,0,OP-014,JOB-9D2F3E7E,2025-02-19 09:42:00,2025-02-19 09:42:13,0,0,N/A,Blocking container removal for access,In Yard,19,Forced,Suboptimal,1,1,198,67.2,57,Medium
167,MOV-5C1115C16D,2025-02-19 09:53:30,Stack,CNT-0001,EGLV3995870,42G0,2,Dry,Full,25.5,Heavy,Land-Side,SB557592,V041,VOY-2502-CLB-41,Colombo,1,2025-02-22 08:23:00,2025-02-22 07:53:00,2025-02-22 14:23:00,export_container,Stack,Block,SS2-B2-13-06-2,Block,LS4-B4-19-06-1,LS4-B4,19-06,1,RTG-02,RTG,1,OP-012,JOB-9D2F3E7E,2025-02-19 09:53:00,2025-02-19 09:53:30,0,0,N/A,Yard stacking for storage,In Yard,11,Planned,Optimal,0,1,209,68.9,48.7,Medium
168,MOV-6035CECA82,2025-02-19 11:01:14,Pre-Staging,CNT-0001,EGLV3995870,42G0,2,Dry,Full,25.5,Heavy,Land-Side,SB557592,V041,VOY-2502-CLB-41,Colombo,1,2025-02-22 08:23:00,2025-02-22 08:27:00,2025-02-22 14:23:00,export_container,Yard Out,Block,LS4-B4-19-06-1,Block,SS4-B5-18-07-2,SS4-B5,18-07,2,RTG-01,RTG,2,OP-014,JOB-9D2F3E7E,2025-02-19 11:01:00,2025-02-19 11:01:14,0,0,N/A,Vessel cutoff preparation - VOY-2502-CLB-41,In Yard,68,Planned,Optimal,0,1,277,75.5,70.4,Medium
169,MOV-DA835D048A,2025-02-19 11:31:46,Vessel Load,CNT-0001,EGLV3995870,42G0,2,Dry,Full,25.5,Heavy,Land-Side,SB557592,V041,VOY-2502-CLB-41,Colombo,1,2025-02-22 08:23:00,2025-02-22 08:14:00,2025-02-22 14:23:00,export_container,Vessel Load,Block,SS4-B5-18-07-2,Vessel,V041,SS4-B5,N/A,0,QC-01,QC,0,OP-015,JOB-9D2F3E7E,2025-02-19 11:31:00,2025-02-19 11:31:46,0,0,N/A,Loading to Colombo service,Loaded,30,Planned,Optimal,0,1,307,65.1,33.8,Medium
170,MOV-55780747C6,2025-02-19 14:31:18,Gate In,CNT-0043,MAEU9114518,45R1,2,Reefer,Full,27.3,Heavy,Land-Side,SB372273,V041,VOY-2502-CLB-41,Colombo,1,2025-02-22 08:23:00,2025-02-22 08:17:00,2025-02-22 14:23:00,export_container,Gate In,Gate,GATE-4,Yard,Land-Side,N/A,N/A,0,TT-08,internal truck,0,OP-001,JOB-E6029300,2025-02-19 14:31:00,2025-02-19 14:31:18,0,0,N/A,Export cargo arrival from CFS/ICD,In Transit,0,Planned,Optimal,0,0,0,77.1,31.6,Medium
171,MOV-603419A058,2025-02-19 14:58:35,Yard In,CNT-0043,MAEU9114518,45R1,2,Reefer,Full,27.3,Heavy,Land-Side,SB372273,V041,VOY-2502-CLB-41,Colombo,1,2025-02-22 08:23:00,2025-02-22 09:14:00,2025-02-22 14:23:00,export_container,Yard In,Yard,Land-Side,Block,LS1-B1-14-01-3,LS1-B1,14-01,3,TT-08,internal truck,0,OP-007,JOB-E6029300,2025-02-19 14:58:00,2025-02-19 14:58:35,0,0,N/A,Initial yard positioning,In Transit,27,Planned,Optimal,0,0,27,71.8,31,Medium
172,MOV-91BFADB814,2025-02-19 15:03:21,Stack,CNT-0043,MAEU9114518,45R1,2,Reefer,Full,27.3,Heavy,Land-Side,SB372273,V041,VOY-2502-CLB-41,Colombo,1,2025-02-22 08:23:00,2025-02-22 08:43:00,2025-02-22 14:23:00,export_container,Stack,Block,LS1-B1-14-01-3,Block,LS1-B1-10-05-3,LS1-B1,10-05,3,RTG-01,RTG,3,OP-019,JOB-E6029300,2025-02-19 14:06:00,2025-02-19 15:03:21,57,1,Weight stacking violation detected - restacking required,Weight stacking violation detected - restacking required,In Yard,5,Forced,Suboptimal,0,0,32,78.4,25.4,Medium
173,MOV-0C52B1DC02,2025-02-19 15:17:30,Unstack,CNT-0043,MAEU9114518,45R1,2,Reefer,Full,27.3,Heavy,Land-Side,SB372273,V041,VOY-2502-CLB-41,Colombo,1,2025-02-22 08:23:00,2025-02-22 08:53:00,2025-02-22 14:23:00,export_container,Unstack,Block,LS1-B1-10-05-3,Yard,LS1-B1-GROUND,LS1-B1,GROUND,0,RTG-01,RTG,0,OP-002,JOB-E6029300,2025-02-19 15:17:00,2025-02-19 15:17:30,0,0,N/A,Retrieval for repositioning,On Ground,14,Planned,Suboptimal,0,0,46,82.4,24.8,High
174,MOV-F39702EC04,2025-02-19 15:52:03,Yard Shift,CNT-0043,MAEU9114518,45R1,2,Reefer,Full,27.3,Heavy,Land-Side,SB372273,V041,VOY-2502-CLB-41,Colombo,1,2025-02-22 08:23:00,2025-02-22 08:59:00,2025-02-22 14:23:00,export_container,Transfer,Block,LS1-B1-GROUND,Block,SS2-B1-15-07-4,SS2-B1,15-07,4,RTG-01,RTG,0,OP-010,JOB-E6029300,2025-02-19 15:52:00,2025-02-19 15:52:03,0,0,N/A,Zone optimization movement,In Yard,35,Planned,Suboptimal,0,0,81,70.1,27.5,Medium
175,MOV-8B3B6633AD,2025-02-19 16:06:21,Stack,CNT-0043,MAEU9114518,45R1,2,Reefer,Full,27.3,Heavy,Land-Side,SB372273,V041,VOY-2502-CLB-41,Colombo,1,2025-02-22 08:23:00,2025-02-22 08:41:00,2025-02-22 14:23:00,export_container,Stack,Block,SS2-B1-15-07-4,Block,LS1-B1-12-01-2,LS1-B1,12-01,2,RTG-01,RTG,2,OP-018,JOB-E6029300,2025-02-19 16:06:00,2025-02-19 16:06:21,0,0,N/A,Yard stacking for storage,In Yard,14,Planned,Optimal,0,0,95,77,60.9,Medium
176,MOV-AF51EF09F7,2025-02-19 16:13:48,Unstack,CNT-0043,MAEU9114518,45R1,2,Reefer,Full,27.3,Heavy,Land-Side,SB372273,V041,VOY-2502-CLB-41,Colombo,1,2025-02-22 08:23:00,2025-02-22 08:32:00,2025-02-22 14:23:00,export_container,Unstack,Block,LS1-B1-12-01-2,Yard,LS1-B1-GROUND,LS1-B1,GROUND,0,RTG-01,RTG,0,OP-011,JOB-E6029300,2025-02-19 16:13:00,2025-02-19 16:13:48,0,0,N/A,Retrieval for repositioning,On Ground,7,Planned,Suboptimal,0,0,102,75.9,28.8,Medium
177,MOV-3BA1AA4A9C,2025-02-19 16:50:33,Yard Shift,CNT-0043,MAEU9114518,45R1,2,Reefer,Full,27.3,Heavy,Land-Side,SB372273,V041,VOY-2502-CLB-41,Colombo,1,2025-02-22 08:23:00,2025-02-22 08:31:00,2025-02-22 14:23:00,export_container,Transfer,Block,LS1-B1-GROUND,Block,SS2-B1-15-07-3,SS2-B1,15-07,3,RTG-01,RTG,0,OP-006,JOB-E6029300,2025-02-19 16:50:00,2025-02-19 16:50:33,0,0,N/A,Zone optimization movement,In Yard,37,Planned,Suboptimal,0,0,139,70.6,27.8,Medium
178,MOV-B55319340D,2025-02-19 16:56:21,Stack,CNT-0043,MAEU9114518,45R1,2,Reefer,Full,27.3,Heavy,Land-Side,SB372273,V041,VOY-2502-CLB-41,Colombo,1,2025-02-22 08:23:00,2025-02-22 08:54:00,2025-02-22 14:23:00,export_container,Stack,Block,SS2-B1-15-07-3,Block,LS1-B1-17-01-4,LS1-B1,17-01,4,RTG-01,RTG,4,OP-017,JOB-E6029300,2025-02-19 16:56:00,2025-02-19 16:56:21,0,0,N/A,Yard stacking for storage,In Yard,6,Planned,Optimal,0,0,145,71.8,57.6,Medium
179,MOV-D2739E1325,2025-02-19 17:05:08,Unstack,CNT-0043,MAEU9114518,45R1,2,Reefer,Full,27.3,Heavy,Land-Side,SB372273,V041,VOY-2502-CLB-41,Colombo,1,2025-02-22 08:23:00,2025-02-22 08:19:00,2025-02-22 14:23:00,export_container,Unstack,Block,LS1-B1-17-01-4,Yard,LS1-B1-GROUND,LS1-B1,GROUND,0,RTG-09,RTG,0,OP-002,JOB-E6029300,2025-02-19 17:05:00,2025-02-19 17:05:08,0,0,N/A,Retrieval for repositioning,On Ground,9,Planned,Suboptimal,0,0,154,76.4,31.6,Medium
180,MOV-8FADBF6814,2025-02-19 17:29:33,Rehandle,CNT-0043,MAEU9114518,45R1,2,Reefer,Full,27.3,Heavy,Land-Side,SB372273,V041,VOY-2502-CLB-41,Colombo,1,2025-02-22 08:23:00,2025-02-22 09:17:00,2025-02-22 14:23:00,export_container,Transfer,Yard,LS1-B1-GROUND,Block,LS1-B1-11-04-1,LS1-B1,11-04,1,RTG-01,RTG,0,OP-010,JOB-E6029300,2025-02-19 17:29:00,2025-02-19 17:29:33,0,0,N/A,Blocking container removal for access,In Yard,24,Forced,Suboptimal,1,1,178,76.9,24,Medium
181,MOV-12DD036643,2025-02-19 17:34:28,Stack,CNT-0043,MAEU9114518,45R1,2,Reefer,Full,27.3,Heavy,Land-Side,SB372273,V041,VOY-2502-CLB-41,Colombo,1,2025-02-22 08:23:00,2025-02-22 09:18:00,2025-02-22 14:23:00,export_container,Stack,Block,LS1-B1-11-04-1,Block,LS1-B1-07-03-3,LS1-B1,07-03,3,RTG-01,RTG,3,OP-004,JOB-E6029300,2025-02-19 17:34:00,2025-02-19 17:34:28,0,0,N/A,Yard stacking for storage,In Yard,5,Planned,Optimal,0,1,183,75.5,31.8,Medium
182,MOV-5693167C77,2025-02-19 17:43:35,Unstack,CNT-0043,MAEU9114518,45R1,2,Reefer,Full,27.3,Heavy,Land-Side,SB372273,V041,VOY-2502-CLB-41,Colombo,1,2025-02-22 08:23:00,2025-02-22 08:58:00,2025-02-22 14:23:00,export_container,Unstack,Block,LS1-B1-07-03-3,Yard,LS1-B1-GROUND,LS1-B1,GROUND,0,RTG-09,RTG,0,OP-004,JOB-E6029300,2025-02-19 17:43:00,2025-02-19 17:43:35,0,0,N/A,Retrieval for repositioning,On Ground,9,Forced,Forced,1,1,192,71,23,Medium
183,MOV-5219650C69,2025-02-19 17:59:57,Rehandle,CNT-0043,MAEU9114518,45R1,2,Reefer,Full,27.3,Heavy,Land-Side,SB372273,V041,VOY-2502-CLB-41,Colombo,1,2025-02-22 08:23:00,2025-02-22 08:36:00,2025-02-22 14:23:00,export_container,Transfer,Yard,LS1-B1-GROUND,Block,LS1-B1-06-01-3,LS1-B1,06-01,3,RTG-01,RTG,0,OP-018,JOB-E6029300,2025-02-19 17:59:00,2025-02-19 17:59:57,0,0,N/A,Blocking container removal for access,In Yard,16,Forced,Suboptimal,1,2,208,76.6,25.6,Medium
184,MOV-8C665AF213,2025-02-19 18:11:45,Stack,CNT-0043,MAEU9114518,45R1,2,Reefer,Full,27.3,Heavy,Land-Side,SB372273,V041,VOY-2502-CLB-41,Colombo,1,2025-02-22 08:23:00,2025-02-22 09:09:00,2025-02-22 14:23:00,export_container,Stack,Block,LS1-B1-06-01-3,Block,LS1-B1-13-01-1,LS1-B1,13-01,1,RTG-01,RTG,1,OP-019,JOB-E6029300,2025-02-19 18:11:00,2025-02-19 18:11:45,0,0,N/A,Yard stacking for storage,In Yard,12,Planned,Optimal,0,2,220,56.4,17.9,Low
185,MOV-234E44D745,2025-02-19 18:26:22,Unstack,CNT-0043,MAEU9114518,45R1,2,Reefer,Full,27.3,Heavy,Land-Side,SB372273,V041,VOY-2502-CLB-41,Colombo,1,2025-02-22 08:23:00,2025-02-22 08:32:00,2025-02-22 14:23:00,export_container,Unstack,Block,LS1-B1-13-01-1,Yard,LS1-B1-GROUND,LS1-B1,GROUND,0,RTG-01,RTG,0,OP-011,JOB-E6029300,2025-02-19 18:26:00,2025-02-19 18:26:22,0,0,N/A,Retrieval for repositioning,On Ground,15,Forced,Forced,1,2,235,65.9,17.9,Medium
186,MOV-1595D208F0,2025-02-19 18:42:29,Rehandle,CNT-0043,MAEU9114518,45R1,2,Reefer,Full,27.3,Heavy,Land-Side,SB372273,V041,VOY-2502-CLB-41,Colombo,1,2025-02-22 08:23:00,2025-02-22 08:32:00,2025-02-22 14:23:00,export_container,Transfer,Yard,LS1-B1-GROUND,Block,LS1-B1-03-07-4,LS1-B1,03-07,4,RTG-01,RTG,0,OP-015,JOB-E6029300,2025-02-19 18:42:00,2025-02-19 18:42:29,0,0,N/A,Blocking container removal for access,In Yard,16,Forced,Suboptimal,1,3,251,64.8,17.9,Medium
187,MOV-798A4942BD,2025-02-19 18:54:20,Stack,CNT-0043,MAEU9114518,45R1,2,Reefer,Full,27.3,Heavy,Land-Side,SB372273,V041,VOY-2502-CLB-41,Colombo,1,2025-02-22 08:23:00,2025-02-22 08:51:00,2025-02-22 14:23:00,export_container,Stack,Block,LS1-B1-03-07-4,Block,LS1-B1-13-02-3,LS1-B1,13-02,3,RTG-01,RTG,3,OP-016,JOB-E6029300,2025-02-19 18:54:00,2025-02-19 18:54:20,0,0,N/A,Yard stacking for storage,In Yard,12,Planned,Optimal,0,3,263,58.8,17.9,Low
188,MOV-880F23653E,2025-02-19 19:27:36,Pre-Staging,CNT-0043,MAEU9114518,45R1,2,Reefer,Full,27.3,Heavy,Land-Side,SB372273,V041,VOY-2502-CLB-41,Colombo,1,2025-02-22 08:23:00,2025-02-22 08:09:00,2025-02-22 14:23:00,export_container,Yard Out,Block,LS1-B1-13-02-3,Block,SS2-B1-06-03-3,SS2-B1,06-03,3,RTG-01,RTG,3,OP-017,JOB-E6029300,2025-02-19 19:27:00,2025-02-19 19:27:36,0,0,N/A,Vessel cutoff preparation - VOY-2502-CLB-41,In Yard,33,Planned,Optimal,0,3,296,57,17.9,Low
189,MOV-EEAD117511,2025-02-19 19:45:35,Vessel Load,CNT-0043,MAEU9114518,45R1,2,Reefer,Full,27.3,Heavy,Land-Side,SB372273,V041,VOY-2502-CLB-41,Colombo,1,2025-02-22 08:23:00,2025-02-22 09:16:00,2025-02-22 14:23:00,export_container,Vessel Load,Block,SS2-B1-06-03-3,Vessel,V041,SS2-B1,N/A,0,QC-01,QC,0,OP-003,JOB-E6029300,2025-02-19 19:45:00,2025-02-19 19:45:35,0,0,N/A,Loading to Colombo service,Loaded,18,Planned,Optimal,0,3,314,63,50.5,Medium
190,MOV-3476DFD36E,2025-02-21 16:55:54,Gate In,CNT-0026,EGLV2637507,42G1,2,Dry,Full,30.7,Heavy,Sea-Side,SB786224,V043,VOY-2502-KOC-43,Kochi,3,2025-02-22 11:31:00,2025-02-22 11:16:00,2025-02-22 15:31:00,export_container,Gate In,Gate,GATE-5,Yard,Sea-Side,N/A,N/A,0,TT-07,internal truck,0,OP-016,JOB-BAB614A7,2025-02-21 16:55:00,2025-02-21 16:55:54,0,0,N/A,Export cargo arrival from CFS/ICD,In Transit,0,Planned,Optimal,0,0,0,78,32.4,Medium
191,MOV-58DCFFA295,2025-02-21 17:18:26,Yard In,CNT-0026,EGLV2637507,42G1,2,Dry,Full,30.7,Heavy,Sea-Side,SB786224,V043,VOY-2502-KOC-43,Kochi,3,2025-02-22 11:31:00,2025-02-22 11:07:00,2025-02-22 15:31:00,export_container,Yard In,Yard,Sea-Side,Block,SS1-B4-07-05-1,SS1-B4,07-05,1,RTG-07,RTG,0,OP-005,JOB-BAB614A7,2025-02-21 16:49:00,2025-02-21 17:18:26,29,0,N/A,Initial yard positioning,In Transit,23,Planned,Suboptimal,0,0,23,80.3,39.3,High
192,MOV-96E1759032,2025-02-21 17:25:31,Stack,CNT-0026,EGLV2637507,42G1,2,Dry,Full,30.7,Heavy,Sea-Side,SB786224,V043,VOY-2502-KOC-43,Kochi,3,2025-02-22 11:31:00,2025-02-22 11:43:00,2025-02-22 15:31:00,export_container,Stack,Block,SS1-B4-07-05-1,Block,SS4-B2-11-07-2,SS4-B2,11-07,2,RTG-08,RTG,2,OP-006,JOB-BAB614A7,2025-02-21 17:00:00,2025-02-21 17:25:31,25,1,Equipment breakdown - RTG unavailable,Equipment breakdown - RTG unavailable,In Yard,7,Forced,Suboptimal,0,0,30,80.1,60.2,High
193,MOV-1CC49EC5EB,2025-02-21 17:35:49,Unstack,CNT-0026,EGLV2637507,42G1,2,Dry,Full,30.7,Heavy,Sea-Side,SB786224,V043,VOY-2502-KOC-43,Kochi,3,2025-02-22 11:31:00,2025-02-22 11:22:00,2025-02-22 15:31:00,export_container,Unstack,Block,SS4-B2-11-07-2,Yard,SS4-B2-GROUND,SS4-B2,GROUND,0,RTG-07,RTG,0,OP-019,JOB-BAB614A7,2025-02-21 17:35:00,2025-02-21 17:35:49,0,0,N/A,Retrieval for repositioning,On Ground,10,Planned,Suboptimal,0,0,40,74.5,67,Medium
194,MOV-B2F10C9B4A,2025-02-21 18:14:27,Yard Shift,CNT-0026,EGLV2637507,42G1,2,Dry,Full,30.7,Heavy,Sea-Side,SB786224,V043,VOY-2502-KOC-43,Kochi,3,2025-02-22 11:31:00,2025-02-22 12:02:00,2025-02-22 15:31:00,export_container,Transfer,Block,SS4-B2-GROUND,Block,SS1-B2-20-04-4,SS1-B2,20-04,4,RTG-07,RTG,0,OP-013,JOB-BAB614A7,2025-02-21 18:14:00,2025-02-21 18:14:27,0,0,N/A,Zone optimization movement,In Yard,39,Planned,Suboptimal,0,0,79,62,59.3,Medium
195,MOV-1BE6BA253E,2025-02-21 18:19:40,Stack,CNT-0026,EGLV2637507,42G1,2,Dry,Full,30.7,Heavy,Sea-Side,SB786224,V043,VOY-2502-KOC-43,Kochi,3,2025-02-22 11:31:00,2025-02-22 11:32:00,2025-02-22 15:31:00,export_container,Stack,Block,SS1-B2-20-04-4,Block,SS3-B1-11-07-2,SS3-B1,11-07,2,RTG-08,RTG,2,OP-008,JOB-BAB614A7,2025-02-21 18:19:00,2025-02-21 18:19:40,0,0,N/A,Yard stacking for storage,In Yard,5,Planned,Optimal,0,0,84,57.6,30.2,Low
196,MOV-83E2FD8526,2025-02-21 18:29:37,Unstack,CNT-0026,EGLV2637507,42G1,2,Dry,Full,30.7,Heavy,Sea-Side,SB786224,V043,VOY-2502-KOC-43,Kochi,3,2025-02-22 11:31:00,2025-02-22 11:40:00,2025-02-22 15:31:00,export_container,Unstack,Block,SS3-B1-11-07-2,Yard,SS3-B1-GROUND,SS3-B1,GROUND,0,RTG-07,RTG,0,OP-006,JOB-BAB614A7,2025-02-21 18:29:00,2025-02-21 18:29:37,0,0,N/A,Retrieval for repositioning,On Ground,10,Planned,Suboptimal,0,0,94,59,56.8,Low
197,MOV-4C65BCC86E,2025-02-21 18:41:56,Rehandle,CNT-0026,EGLV2637507,42G1,2,Dry,Full,30.7,Heavy,Sea-Side,SB786224,V043,VOY-2502-KOC-43,Kochi,3,2025-02-22 11:31:00,2025-02-22 12:28:00,2025-02-22 15:31:00,export_container,Transfer,Yard,SS3-B1-GROUND,Block,SS3-B4-17-05-3,SS3-B4,17-05,3,RTG-07,RTG,0,OP-005,JOB-BAB614A7,2025-02-21 18:41:00,2025-02-21 18:41:56,0,0,N/A,Blocking container removal for access,In Yard,12,Forced,Suboptimal,1,1,106,63.7,56.8,Medium
198,MOV-860E87255C,2025-02-21 18:51:08,Stack,CNT-0026,EGLV2637507,42G1,2,Dry,Full,30.7,Heavy,Sea-Side,SB786224,V043,VOY-2502-KOC-43,Kochi,3,2025-02-22 11:31:00,2025-02-22 11:28:00,2025-02-22 15:31:00,export_container,Stack,Block,SS3-B4-17-05-3,Block,SS2-B2-13-01-2,SS2-B2,13-01,2,RTG-07,RTG,2,OP-001,JOB-BAB614A7,2025-02-21 18:51:00,2025-02-21 18:51:08,0,0,N/A,Yard stacking for storage,In Yard,10,Planned,Optimal,0,1,116,66.1,56.8,Medium
199,MOV-324739573F,2025-02-21 19:05:41,Unstack,CNT-0026,EGLV2637507,42G1,2,Dry,Full,30.7,Heavy,Sea-Side,SB786224,V043,VOY-2502-KOC-43,Kochi,3,2025-02-22 11:31:00,2025-02-22 11:05:00,2025-02-22 15:31:00,export_container,Unstack,Block,SS2-B2-13-01-2,Yard,SS2-B2-GROUND,SS2-B2,GROUND,0,RTG-07,RTG,0,OP-013,JOB-BAB614A7,2025-02-21 19:05:00,2025-02-21 19:05:41,0,0,N/A,Retrieval for repositioning,On Ground,14,Forced,Forced,1,1,130,60.4,33.4,Medium
200,MOV-339C252570,2025-02-21 19:23:44,Rehandle,CNT-0026,EGLV2637507,42G1,2,Dry,Full,30.7,Heavy,Sea-Side,SB786224,V043,VOY-2502-KOC-43,Kochi,3,2025-02-22 11:31:00,2025-02-22 11:15:00,2025-02-22 15:31:00,export_container,Transfer,Yard,SS2-B2-GROUND,Block,SS5-B1-04-06-1,SS5-B1,04-06,1,RTG-07,RTG,0,OP-014,JOB-BAB614A7,2025-02-21 19:23:00,2025-02-21 19:23:44,0,0,N/A,Blocking container removal for access,In Yard,18,Forced,Suboptimal,1,2,148,65.3,33.4,Medium
201,MOV-2B02AB5283,2025-02-21 19:35:06,Stack,CNT-0026,EGLV2637507,42G1,2,Dry,Full,30.7,Heavy,Sea-Side,SB786224,V043,VOY-2502-KOC-43,Kochi,3,2025-02-22 11:31:00,2025-02-22 12:25:00,2025-02-22 15:31:00,export_container,Stack,Block,SS5-B1-04-06-1,Block,SS4-B2-07-06-1,SS4-B2,07-06,1,RTG-07,RTG,1,OP-017,JOB-BAB614A7,2025-02-21 19:35:00,2025-02-21 19:35:06,0,0,N/A,Yard stacking for storage,In Yard,12,Planned,Optimal,0,2,160,62.1,33.4,Medium
202,MOV-A9D1225BBD,2025-02-21 20:39:07,Pre-Staging,CNT-0026,EGLV2637507,42G1,2,Dry,Full,30.7,Heavy,Sea-Side,SB786224,V043,VOY-2502-KOC-43,Kochi,3,2025-02-22 11:31:00,2025-02-22 11:14:00,2025-02-22 15:31:00,export_container,Yard Out,Block,SS4-B2-07-06-1,Block,SS4-B1-17-06-1,SS4-B1,17-06,1,RTG-07,RTG,1,OP-016,JOB-BAB614A7,2025-02-21 20:39:00,2025-02-21 20:39:07,0,0,N/A,Vessel cutoff preparation - VOY-2502-KOC-43,In Yard,64,Planned,Optimal,0,2,224,64.7,59.3,Medium
203,MOV-F696615B71,2025-02-21 21:00:12,Vessel Load,CNT-0026,EGLV2637507,42G1,2,Dry,Full,30.7,Heavy,Sea-Side,SB786224,V043,VOY-2502-KOC-43,Kochi,3,2025-02-22 11:31:00,2025-02-22 11:46:00,2025-02-22 15:31:00,export_container,Vessel Load,Block,SS4-B1-17-06-1,Vessel,V043,SS4-B1,N/A,0,QC-01,QC,0,OP-014,JOB-BAB614A7,2025-02-21 21:00:00,2025-02-21 21:00:12,0,0,N/A,Loading to Kochi service,Loaded,21,Planned,Optimal,0,2,245,65.1,59.1,Medium
204,MOV-9AE4217F28,2025-02-23 13:08:43,Gate In,CNT-0015,HLCU7416943,22G1,1,Dry,Full,20,Heavy,Land-Side,SB224395,V045,VOY-2502-CLB-45,Colombo,1,2025-02-25 09:56:00,2025-02-25 10:35:00,2025-02-25 13:56:00,export_container,Gate In,Gate,GATE-5,Yard,Land-Side,N/A,N/A,0,TT-05,internal truck,0,OP-014,JOB-375BE7E6,2025-02-23 13:08:00,2025-02-23 13:08:43,0,0,N/A,Export cargo arrival from CFS/ICD,In Transit,0,Planned,Optimal,0,0,0,62.2,24.8,Medium
205,MOV-447D1FFE98,2025-02-23 14:00:09,Gate In,CNT-0033,COSU7128662,22G1,1,Dry,Full,16.9,Medium,Sea-Side,SB956934,V046,VOY-2502-JNPT-46,JNPT,2,2025-02-25 07:46:00,2025-02-25 07:39:00,2025-02-25 11:46:00,export_container,Gate In,Gate,GATE-5,Yard,Sea-Side,N/A,N/A,0,TT-07,internal truck,0,OP-006,JOB-60B12C3E,2025-02-23 14:00:00,2025-02-23 14:00:09,0,0,N/A,Export cargo arrival from CFS/ICD,In Transit,0,Planned,Optimal,0,0,0,74.3,35,Medium
206,MOV-07F01943A3,2025-02-23 14:02:51,Yard In,CNT-0015,HLCU7416943,22G1,1,Dry,Full,20,Heavy,Land-Side,SB224395,V045,VOY-2502-CLB-45,Colombo,1,2025-02-25 09:56:00,2025-02-25 10:50:00,2025-02-25 13:56:00,export_container,Yard In,Yard,Land-Side,Block,LS2-B3-07-06-1,LS2-B3,07-06,1,RTG-08,RTG,0,OP-014,JOB-375BE7E6,2025-02-23 14:02:00,2025-02-23 14:02:51,0,0,N/A,Initial yard positioning,In Transit,54,Planned,Optimal,0,0,54,73.7,34.4,Medium
207,MOV-992B0C7B14,2025-02-23 14:16:15,Stack,CNT-0015,HLCU7416943,22G1,1,Dry,Full,20,Heavy,Land-Side,SB224395,V045,VOY-2502-CLB-45,Colombo,1,2025-02-25 09:56:00,2025-02-25 09:31:00,2025-02-25 13:56:00,export_container,Stack,Block,LS2-B3-07-06-1,Block,LS2-B1-04-05-1,LS2-B1,04-05,1,RTG-08,RTG,1,OP-013,JOB-375BE7E6,2025-02-23 13:55:00,2025-02-23 14:16:15,21,1,Equipment breakdown - QC unavailable,Equipment breakdown - QC unavailable,In Yard,14,Forced,Suboptimal,0,0,68,81.5,43.2,High
208,MOV-3970BC624C,2025-02-23 14:28:08,Unstack,CNT-0015,HLCU7416943,22G1,1,Dry,Full,20,Heavy,Land-Side,SB224395,V045,VOY-2502-CLB-45,Colombo,1,2025-02-25 09:56:00,2025-02-25 10:30:00,2025-02-25 13:56:00,export_container,Unstack,Block,LS2-B1-04-05-1,Yard,LS2-B1-GROUND,LS2-B1,GROUND,0,RTG-08,RTG,0,OP-010,JOB-375BE7E6,2025-02-23 14:28:00,2025-02-23 14:28:08,0,0,N/A,Retrieval for repositioning,On Ground,12,Planned,Suboptimal,0,0,80,72.1,38.8,Medium
209,MOV-EC4CF53243,2025-02-23 14:43:13,Yard In,CNT-0033,COSU7128662,22G1,1,Dry,Full,16.9,Medium,Sea-Side,SB956934,V046,VOY-2502-JNPT-46,JNPT,2,2025-02-25 07:46:00,2025-02-25 08:31:00,2025-02-25 11:46:00,export_container,Yard In,Yard,Sea-Side,Block,SS4-B3-04-04-4,SS4-B3,04-04,4,RTG-08,RTG,0,OP-006,JOB-60B12C3E,2025-02-23 14:43:00,2025-02-23 14:43:13,0,0,N/A,Initial yard positioning,In Transit,43,Planned,Optimal,0,0,43,79.4,36.4,Medium
210,MOV-A2952E648E,2025-02-23 14:50:26,Yard Shift,CNT-0015,HLCU7416943,22G1,1,Dry,Full,20,Heavy,Land-Side,SB224395,V045,VOY-2502-CLB-45,Colombo,1,2025-02-25 09:56:00,2025-02-25 10:04:00,2025-02-25 13:56:00,export_container,Transfer,Block,LS2-B1-GROUND,Block,SS5-B3-08-03-2,SS5-B3,08-03,2,RTG-08,RTG,0,OP-009,JOB-375BE7E6,2025-02-23 14:50:00,2025-02-23 14:50:26,0,0,N/A,Zone optimization movement,In Yard,22,Forced,Forced,0,0,102,81,33.4,High
211,MOV-2B1E3935B6,2025-02-23 14:55:41,Stack,CNT-0015,HLCU7416943,22G1,1,Dry,Full,20,Heavy,Land-Side,SB224395,V045,VOY-2502-CLB-45,Colombo,1,2025-02-25 09:56:00,2025-02-25 10:51:00,2025-02-25 13:56:00,export_container,Stack,Block,SS5-B3-08-03-2,Block,LS2-B6-14-05-4,LS2-B6,14-05,4,RTG-09,RTG,4,OP-013,JOB-375BE7E6,2025-02-23 14:55:00,2025-02-23 14:55:41,0,0,N/A,Yard stacking for storage,In Yard,5,Planned,Optimal,0,0,107,77.6,68.1,Medium
212,MOV-8242F917D3,2025-02-23 14:58:03,Stack,CNT-0033,COSU7128662,22G1,1,Dry,Full,16.9,Medium,Sea-Side,SB956934,V046,VOY-2502-JNPT-46,JNPT,2,2025-02-25 07:46:00,2025-02-25 07:37:00,2025-02-25 11:46:00,export_container,Stack,Block,SS4-B3-04-04-4,Block,SS5-B5-06-02-1,SS5-B5,06-02,1,RTG-08,RTG,1,OP-009,JOB-60B12C3E,2025-02-23 14:25:00,2025-02-23 14:58:03,33,1,Weight stacking violation detected - restacking required,Weight stacking violation detected - restacking required,In Yard,15,Forced,Suboptimal,0,0,58,77,61.9,Medium
213,MOV-1B93E6A502,2025-02-23 15:05:01,Unstack,CNT-0033,COSU7128662,22G1,1,Dry,Full,16.9,Medium,Sea-Side,SB956934,V046,VOY-2502-JNPT-46,JNPT,2,2025-02-25 07:46:00,2025-02-25 08:40:00,2025-02-25 11:46:00,export_container,Unstack,Block,SS5-B5-06-02-1,Yard,SS5-B5-GROUND,SS5-B5,GROUND,0,RTG-09,RTG,0,OP-010,JOB-60B12C3E,2025-02-23 15:05:00,2025-02-23 15:05:01,0,0,N/A,Retrieval for repositioning,On Ground,7,Planned,Suboptimal,0,0,65,76.1,34.5,Medium
214,MOV-6BAC502E90,2025-02-23 15:08:11,Unstack,CNT-0015,HLCU7416943,22G1,1,Dry,Full,20,Heavy,Land-Side,SB224395,V045,VOY-2502-CLB-45,Colombo,1,2025-02-25 09:56:00,2025-02-25 10:34:00,2025-02-25 13:56:00,export_container,Unstack,Block,LS2-B6-14-05-4,Yard,LS2-B6-GROUND,LS2-B6,GROUND,0,RTG-08,RTG,0,OP-016,JOB-375BE7E6,2025-02-23 15:08:00,2025-02-23 15:08:11,0,0,N/A,Retrieval for repositioning,On Ground,13,Planned,Suboptimal,0,0,120,74.2,43.8,Medium
215,MOV-784AA5562C,2025-02-23 15:30:33,Yard Shift,CNT-0015,HLCU7416943,22G1,1,Dry,Full,20,Heavy,Land-Side,SB224395,V045,VOY-2502-CLB-45,Colombo,1,2025-02-25 09:56:00,2025-02-25 09:43:00,2025-02-25 13:56:00,export_container,Transfer,Block,LS2-B6-GROUND,Block,SS4-B1-18-04-4,SS4-B1,18-04,4,RTG-08,RTG,0,OP-013,JOB-375BE7E6,2025-02-23 15:30:00,2025-02-23 15:30:33,0,0,N/A,Zone optimization movement,In Yard,22,Planned,Suboptimal,0,0,142,78.8,49.4,Medium
216,MOV-5E7B21E28B,2025-02-23 15:38:43,Stack,CNT-0015,HLCU7416943,22G1,1,Dry,Full,20,Heavy,Land-Side,SB224395,V045,VOY-2502-CLB-45,Colombo,1,2025-02-25 09:56:00,2025-02-25 10:43:00,2025-02-25 13:56:00,export_container,Stack,Block,SS4-B1-18-04-4,Block,LS4-B7-12-01-2,LS4-B7,12-01,2,RTG-09,RTG,2,OP-020,JOB-375BE7E6,2025-02-23 15:38:00,2025-02-23 15:38:43,0,0,N/A,Yard stacking for storage,In Yard,8,Planned,Optimal,0,0,150,73,64.9,Medium
217,MOV-1460EB6D79,2025-02-23 15:43:42,Unstack,CNT-0015,HLCU7416943,22G1,1,Dry,Full,20,Heavy,Land-Side,SB224395,V045,VOY-2502-CLB-45,Colombo,1,2025-02-25 09:56:00,2025-02-25 10:37:00,2025-02-25 13:56:00,export_container,Unstack,Block,LS4-B7-12-01-2,Yard,LS4-B7-GROUND,LS4-B7,GROUND,0,RTG-08,RTG,0,OP-007,JOB-375BE7E6,2025-02-23 15:43:00,2025-02-23 15:43:42,0,0,N/A,Retrieval for repositioning,On Ground,5,Planned,Suboptimal,0,0,155,78.4,55.7,Medium
218,MOV-7C1907DF76,2025-02-23 15:50:09,Yard Shift,CNT-0033,COSU7128662,22G1,1,Dry,Full,16.9,Medium,Sea-Side,SB956934,V046,VOY-2502-JNPT-46,JNPT,2,2025-02-25 07:46:00,2025-02-25 08:30:00,2025-02-25 11:46:00,export_container,Transfer,Block,SS5-B5-GROUND,Block,SS4-B2-08-07-4,SS4-B2,08-07,4,RTG-08,RTG,0,OP-006,JOB-60B12C3E,2025-02-23 15:50:00,2025-02-23 15:50:09,0,0,N/A,Zone optimization movement,In Yard,45,Planned,Suboptimal,0,0,110,72.1,34.7,Medium
219,MOV-18C5A177EB,2025-02-23 16:04:08,Stack,CNT-0033,COSU7128662,22G1,1,Dry,Full,16.9,Medium,Sea-Side,SB956934,V046,VOY-2502-JNPT-46,JNPT,2,2025-02-25 07:46:00,2025-02-25 07:29:00,2025-02-25 11:46:00,export_container,Stack,Block,SS4-B2-08-07-4,Block,SS3-B4-20-05-1,SS3-B4,20-05,1,RTG-08,RTG,1,OP-001,JOB-60B12C3E,2025-02-23 16:04:00,2025-02-23 16:04:08,0,0,N/A,Yard stacking for storage,In Yard,14,Planned,Optimal,0,0,124,76.7,71.5,Medium
220,MOV-1EEC20AC86,2025-02-23 16:08:44,Rehandle,CNT-0015,HLCU7416943,22G1,1,Dry,Full,20,Heavy,Land-Side,SB224395,V045,VOY-2502-CLB-45,Colombo,1,2025-02-25 09:56:00,2025-02-25 10:43:00,2025-02-25 13:56:00,export_container,Transfer,Yard,LS4-B7-GROUND,Block,LS2-B2-04-06-4,LS2-B2,04-06,4,RTG-08,RTG,0,OP-007,JOB-375BE7E6,2025-02-23 16:08:00,2025-02-23 16:08:44,0,0,N/A,Blocking container removal for access,In Yard,25,Forced,Suboptimal,1,1,180,76,51.1,Medium
221,MOV-6783D77DFB,2025-02-23 16:12:38,Unstack,CNT-0033,COSU7128662,22G1,1,Dry,Full,16.9,Medium,Sea-Side,SB956934,V046,VOY-2502-JNPT-46,JNPT,2,2025-02-25 07:46:00,2025-02-25 07:28:00,2025-02-25 11:46:00,export_container,Unstack,Block,SS3-B4-20-05-1,Yard,SS3-B4-GROUND,SS3-B4,GROUND,0,RTG-08,RTG,0,OP-006,JOB-60B12C3E,2025-02-23 16:12:00,2025-02-23 16:12:38,0,0,N/A,Retrieval for repositioning,On Ground,8,Planned,Suboptimal,0,0,132,79.2,52,Medium
222,MOV-7B6EC65161,2025-02-23 16:19:56,Stack,CNT-0015,HLCU7416943,22G1,1,Dry,Full,20,Heavy,Land-Side,SB224395,V045,VOY-2502-CLB-45,Colombo,1,2025-02-25 09:56:00,2025-02-25 10:29:00,2025-02-25 13:56:00,export_container,Stack,Block,LS2-B2-04-06-4,Block,LS4-B4-18-06-3,LS4-B4,18-06,3,RTG-08,RTG,3,OP-015,JOB-375BE7E6,2025-02-23 15:37:00,2025-02-23 16:19:56,42,0,N/A,Yard stacking for storage,In Yard,11,Forced,Suboptimal,0,1,191,81,55.8,High
223,MOV-7C3BC97BF9,2025-02-23 16:42:52,Yard Shift,CNT-0033,COSU7128662,22G1,1,Dry,Full,16.9,Medium,Sea-Side,SB956934,V046,VOY-2502-JNPT-46,JNPT,2,2025-02-25 07:46:00,2025-02-25 07:16:00,2025-02-25 11:46:00,export_container,Transfer,Block,SS3-B4-GROUND,Block,SS5-B5-04-01-4,SS5-B5,04-01,4,RTG-08,RTG,0,OP-014,JOB-60B12C3E,2025-02-23 15:58:00,2025-02-23 16:42:52,44,0,N/A,Zone optimization movement,In Yard,30,Forced,Forced,0,0,162,81.1,54,High
224,MOV-457985F142,2025-02-23 16:55:47,Stack,CNT-0033,COSU7128662,22G1,1,Dry,Full,16.9,Medium,Sea-Side,SB956934,V046,VOY-2502-JNPT-46,JNPT,2,2025-02-25 07:46:00,2025-02-25 08:45:00,2025-02-25 11:46:00,export_container,Stack,Block,SS5-B5-04-01-4,Block,SS4-B2-16-07-4,SS4-B2,16-07,4,RTG-08,RTG,4,OP-019,JOB-60B12C3E,2025-02-23 16:55:00,2025-02-23 16:55:47,0,0,N/A,Yard stacking for storage,In Yard,13,Planned,Optimal,0,0,175,78,31.8,Medium
225,MOV-44B307A791,2025-02-23 17:01:14,Pre-Staging,CNT-0015,HLCU7416943,22G1,1,Dry,Full,20,Heavy,Land-Side,SB224395,V045,VOY-2502-CLB-45,Colombo,1,2025-02-25 09:56:00,2025-02-25 09:44:00,2025-02-25 13:56:00,export_container,Yard Out,Block,LS4-B4-18-06-3,Block,SS3-B2-12-03-4,SS3-B2,12-03,4,RTG-08,RTG,4,OP-001,JOB-375BE7E6,2025-02-23 17:01:00,2025-02-23 17:01:14,0,0,N/A,Vessel cutoff preparation - VOY-2502-CLB-45,In Yard,42,Planned,Optimal,0,1,233,80.9,68.5,High
226,MOV-6D4AE3563A,2025-02-23 17:01:18,Unstack,CNT-0033,COSU7128662,22G1,1,Dry,Full,16.9,Medium,Sea-Side,SB956934,V046,VOY-2502-JNPT-46,JNPT,2,2025-02-25 07:46:00,2025-02-25 08:32:00,2025-02-25 11:46:00,export_container,Unstack,Block,SS4-B2-16-07-4,Yard,SS4-B2-GROUND,SS4-B2,GROUND,0,RTG-09,RTG,0,OP-018,JOB-60B12C3E,2025-02-23 17:01:00,2025-02-23 17:01:18,0,0,N/A,Retrieval for repositioning,On Ground,6,Planned,Suboptimal,0,0,181,74.3,71.9,Medium
227,MOV-6FEA5356EF,2025-02-23 17:24:12,Vessel Load,CNT-0015,HLCU7416943,22G1,1,Dry,Full,20,Heavy,Land-Side,SB224395,V045,VOY-2502-CLB-45,Colombo,1,2025-02-25 09:56:00,2025-02-25 10:08:00,2025-02-25 13:56:00,export_container,Vessel Load,Block,SS3-B2-12-03-4,Vessel,V045,SS3-B2,N/A,0,QC-02,QC,0,OP-008,JOB-375BE7E6,2025-02-23 17:24:00,2025-02-23 17:24:12,0,0,N/A,Loading to Colombo service,Loaded,23,Planned,Optimal,0,1,256,77.5,42,Medium
228,MOV-7E32E55037,2025-02-23 17:24:41,Rehandle,CNT-0033,COSU7128662,22G1,1,Dry,Full,16.9,Medium,Sea-Side,SB956934,V046,VOY-2502-JNPT-46,JNPT,2,2025-02-25 07:46:00,2025-02-25 07:42:00,2025-02-25 11:46:00,export_container,Transfer,Yard,SS4-B2-GROUND,Block,SS1-B5-17-01-1,SS1-B5,17-01,1,RTG-08,RTG,0,OP-011,JOB-60B12C3E,2025-02-23 17:24:00,2025-02-23 17:24:41,0,0,N/A,Blocking container removal for access,In Yard,23,Forced,Suboptimal,1,1,204,71.1,71.7,Medium
229,MOV-38E95F10D5,2025-02-23 17:35:43,Stack,CNT-0033,COSU7128662,22G1,1,Dry,Full,16.9,Medium,Sea-Side,SB956934,V046,VOY-2502-JNPT-46,JNPT,2,2025-02-25 07:46:00,2025-02-25 08:06:00,2025-02-25 11:46:00,export_container,Stack,Block,SS1-B5-17-01-1,Block,SS3-B3-18-04-3,SS3-B3,18-04,3,RTG-08,RTG,3,OP-007,JOB-60B12C3E,2025-02-23 17:35:00,2025-02-23 17:35:43,0,0,N/A,Yard stacking for storage,In Yard,11,Planned,Optimal,0,1,215,73.1,70.8,Medium
230,MOV-BCB4EEA32A,2025-02-23 18:57:19,Pre-Staging,CNT-0033,COSU7128662,22G1,1,Dry,Full,16.9,Medium,Sea-Side,SB956934,V046,VOY-2502-JNPT-46,JNPT,2,2025-02-25 07:46:00,2025-02-25 08:29:00,2025-02-25 11:46:00,export_container,Yard Out,Block,SS3-B3-18-04-3,Block,SS2-B3-18-05-4,SS2-B3,18-05,4,RTG-08,RTG,4,OP-012,JOB-60B12C3E,2025-02-23 18:57:00,2025-02-23 18:57:19,0,0,N/A,Vessel cutoff preparation - VOY-2502-JNPT-46,In Yard,82,Planned,Optimal,0,1,297,63.7,40.9,Medium
231,MOV-70FA544084,2025-02-23 19:36:47,Vessel Load,CNT-0033,COSU7128662,22G1,1,Dry,Full,16.9,Medium,Sea-Side,SB956934,V046,VOY-2502-JNPT-46,JNPT,2,2025-02-25 07:46:00,2025-02-25 07:45:00,2025-02-25 11:46:00,export_container,Vessel Load,Block,SS2-B3-18-05-4,Vessel,V046,SS2-B3,N/A,0,QC-03,QC,0,OP-015,JOB-60B12C3E,2025-02-23 19:36:00,2025-02-23 19:36:47,0,0,N/A,Loading to JNPT service,Loaded,39,Planned,Optimal,0,1,336,65.9,27.1,Medium
232,MOV-508C961B32,2025-02-25 10:30:18,Vessel Discharge,CNT-0029,HLCU3225862,42P1,2,OOG,Full,35.7,Heavy,OOG,N/A,V046,VOY-2502-JNPT-46,JNPT,2,2025-02-25 07:46:00,2025-02-25 08:10:00,2025-02-25 11:46:00,import_container,Yard In,Vessel,V046,Yard,OOG,N/A,N/A,0,QC-02,QC,0,OP-001,JOB-7286899C,2025-02-25 10:30:00,2025-02-25 10:30:18,0,0,N/A,Import discharge from JNPT service,In Transit,0,Planned,Optimal,0,0,0,72.5,38.8,Medium
233,MOV-C0CE9CF209,2025-02-25 11:23:53,Yard In,CNT-0029,HLCU3225862,42P1,2,OOG,Full,35.7,Heavy,OOG,N/A,V046,VOY-2502-JNPT-46,JNPT,2,2025-02-25 07:46:00,2025-02-25 07:23:00,2025-02-25 11:46:00,import_container,Yard In,Yard,OOG,Block,OOG-B2-10-06-3,OOG-B2,10-06,3,RTG-07,RTG,0,OP-010,JOB-7286899C,2025-02-25 11:23:00,2025-02-25 11:23:53,0,0,N/A,Initial yard positioning,In Transit,53,Planned,Optimal,0,0,53,63.6,32.5,Medium
234,MOV-F5C357A26A,2025-02-25 11:31:59,Stack,CNT-0029,HLCU3225862,42P1,2,OOG,Full,35.7,Heavy,OOG,N/A,V046,VOY-2502-JNPT-46,JNPT,2,2025-02-25 07:46:00,2025-02-25 08:04:00,2025-02-25 11:46:00,import_container,Stack,Block,OOG-B2-10-06-3,Block,OOG-B2-18-04-2,OOG-B2,18-04,2,RS-01,Reach Stacker,2,OP-013,JOB-7286899C,2025-02-25 11:31:00,2025-02-25 11:31:59,0,0,N/A,Yard stacking for storage,In Yard,8,Planned,Optimal,0,0,61,75.9,22.1,Medium
235,MOV-245EADAC1A,2025-02-25 11:42:39,Unstack,CNT-0029,HLCU3225862,42P1,2,OOG,Full,35.7,Heavy,OOG,N/A,V046,VOY-2502-JNPT-46,JNPT,2,2025-02-25 07:46:00,2025-02-25 08:12:00,2025-02-25 11:46:00,import_container,Unstack,Block,OOG-B2-18-04-2,Yard,OOG-B2-GROUND,OOG-B2,GROUND,0,RS-01,Reach Stacker,0,OP-008,JOB-7286899C,2025-02-25 11:42:00,2025-02-25 11:42:39,0,0,N/A,Retrieval for repositioning,On Ground,11,Planned,Suboptimal,0,0,72,73.4,13.5,Medium
236,MOV-1B24799970,2025-02-25 12:26:43,Yard Shift,CNT-0029,HLCU3225862,42P1,2,OOG,Full,35.7,Heavy,OOG,N/A,V046,VOY-2502-JNPT-46,JNPT,2,2025-02-25 07:46:00,2025-02-25 07:25:00,2025-02-25 11:46:00,import_container,Transfer,Block,OOG-B2-GROUND,Block,OOG-B2-07-03-4,OOG-B2,07-03,4,RTG-07,RTG,0,OP-006,JOB-7286899C,2025-02-25 12:26:00,2025-02-25 12:26:43,0,0,N/A,Zone optimization movement,In Yard,44,Planned,Suboptimal,0,0,116,58.8,8.4,Low
237,MOV-5DA04A96A5,2025-02-25 12:33:45,Stack,CNT-0029,HLCU3225862,42P1,2,OOG,Full,35.7,Heavy,OOG,N/A,V046,VOY-2502-JNPT-46,JNPT,2,2025-02-25 07:46:00,2025-02-25 07:35:00,2025-02-25 11:46:00,import_container,Stack,Block,OOG-B2-07-03-4,Block,OOG-B3-05-02-3,OOG-B3,05-02,3,RS-01,Reach Stacker,3,OP-002,JOB-7286899C,2025-02-25 12:33:00,2025-02-25 12:33:45,0,0,N/A,Yard stacking for storage,In Yard,7,Planned,Optimal,0,0,123,58.8,8.4,Low
238,MOV-496F9BDBB2,2025-02-25 15:27:54,Gate In,CNT-0024,EGLV5723173,42G0,2,Dry,Empty,3.7,Light,Land-Side,N/A,V047,VOY-2502-KOC-47,Kochi,3,2025-02-25 14:49:00,2025-02-25 14:33:00,2025-02-25 18:49:00,empty,Gate In,Gate,GATE-2,Yard,Land-Side,N/A,N/A,0,TT-06,internal truck,0,OP-010,JOB-724B4E31,2025-02-25 15:27:00,2025-02-25 15:27:54,0,0,N/A,Empty return,In Transit,0,Planned,Optimal,0,0,0,74.4,36.2,Medium
239,MOV-F70C3F9B52,2025-02-25 16:12:16,Yard In,CNT-0024,EGLV5723173,42G0,2,Dry,Empty,3.7,Light,Land-Side,N/A,V047,VOY-2502-KOC-47,Kochi,3,2025-02-25 14:49:00,2025-02-25 15:15:00,2025-02-25 18:49:00,empty,Yard In,Yard,Land-Side,Block,LS4-B7-12-02-4,LS4-B7,12-02,4,RTG-03,RTG,0,OP-015,JOB-724B4E31,2025-02-25 16:12:00,2025-02-25 16:12:16,0,0,N/A,Initial yard positioning,In Transit,45,Planned,Optimal,0,0,45,74.2,33.7,Medium
240,MOV-F9D7BB62B4,2025-02-25 16:21:24,Stack,CNT-0024,EGLV5723173,42G0,2,Dry,Empty,3.7,Light,Land-Side,N/A,V047,VOY-2502-KOC-47,Kochi,3,2025-02-25 14:49:00,2025-02-25 15:25:00,2025-02-25 18:49:00,empty,Stack,Block,LS4-B7-12-02-4,Block,LS4-B7-18-04-2,LS4-B7,18-04,2,RTG-03,RTG,2,OP-014,JOB-724B4E31,2025-02-25 16:21:00,2025-02-25 16:21:24,0,0,N/A,Yard stacking for storage,In Yard,9,Planned,Suboptimal,0,0,54,74.6,54.7,Medium
241,MOV-0065E08DD2,2025-02-25 16:34:57,Unstack,CNT-0024,EGLV5723173,42G0,2,Dry,Empty,3.7,Light,Land-Side,N/A,V047,VOY-2502-KOC-47,Kochi,3,2025-02-25 14:49:00,2025-02-25 14:23:00,2025-02-25 18:49:00,empty,Unstack,Block,LS4-B7-18-04-2,Yard,LS4-B7-GROUND,LS4-B7,GROUND,0,RTG-03,RTG,0,OP-017,JOB-724B4E31,2025-02-25 16:34:00,2025-02-25 16:34:57,0,0,N/A,Retrieval for repositioning,On Ground,13,Planned,Suboptimal,0,0,67,75.3,51,Medium
242,MOV-F107B5CA7C,2025-02-25 17:07:43,Yard Shift,CNT-0024,EGLV5723173,42G0,2,Dry,Empty,3.7,Light,Land-Side,N/A,V047,VOY-2502-KOC-47,Kochi,3,2025-02-25 14:49:00,2025-02-25 15:14:00,2025-02-25 18:49:00,empty,Transfer,Block,LS4-B7-GROUND,Block,SS4-B2-06-02-2,SS4-B2,06-02,2,RTG-03,RTG,0,OP-007,JOB-724B4E31,2025-02-25 16:52:00,2025-02-25 17:07:43,15,0,N/A,Zone optimization movement,In Yard,33,Forced,Forced,0,0,100,80.9,49.2,High
243,MOV-07A21E971E,2025-02-25 17:22:58,Stack,CNT-0024,EGLV5723173,42G0,2,Dry,Empty,3.7,Light,Land-Side,N/A,V047,VOY-2502-KOC-47,Kochi,3,2025-02-25 14:49:00,2025-02-25 14:20:00,2025-02-25 18:49:00,empty,Stack,Block,SS4-B2-06-02-2,Block,LS4-B7-18-04-3,LS4-B7,18-04,3,RTG-03,RTG,3,OP-020,JOB-724B4E31,2025-02-25 17:22:00,2025-02-25 17:22:58,0,0,N/A,Yard stacking for storage,In Yard,15,Planned,Optimal,0,0,115,73.3,72.4,Medium
244,MOV-9F12617AD9,2025-02-25 17:36:06,Unstack,CNT-0024,EGLV5723173,42G0,2,Dry,Empty,3.7,Light,Land-Side,N/A,V047,VOY-2502-KOC-47,Kochi,3,2025-02-25 14:49:00,2025-02-25 14:32:00,2025-02-25 18:49:00,empty,Unstack,Block,LS4-B7-18-04-3,Yard,LS4-B7-GROUND,LS4-B7,GROUND,0,RTG-03,RTG,0,OP-019,JOB-724B4E31,2025-02-25 17:36:00,2025-02-25 17:36:06,0,0,N/A,Retrieval for repositioning,On Ground,14,Planned,Suboptimal,0,0,129,74.9,53.9,Medium
245,MOV-904BC86AA7,2025-02-25 17:49:43,Rehandle,CNT-0024,EGLV5723173,42G0,2,Dry,Empty,3.7,Light,Land-Side,N/A,V047,VOY-2502-KOC-47,Kochi,3,2025-02-25 14:49:00,2025-02-25 15:47:00,2025-02-25 18:49:00,empty,Transfer,Yard,LS4-B7-GROUND,Block,LS4-B6-06-03-4,LS4-B6,06-03,4,RTG-06,RTG,0,OP-013,JOB-724B4E31,2025-02-25 17:49:00,2025-02-25 17:49:43,0,0,N/A,Blocking container removal for access,In Yard,13,Forced,Suboptimal,1,1,142,82,50.7,High
246,MOV-DF2C9E4FF1,2025-02-25 17:54:31,Stack,CNT-0024,EGLV5723173,42G0,2,Dry,Empty,3.7,Light,Land-Side,N/A,V047,VOY-2502-KOC-47,Kochi,3,2025-02-25 14:49:00,2025-02-25 15:48:00,2025-02-25 18:49:00,empty,Stack,Block,LS4-B6-06-03-4,Block,LS4-B7-01-03-3,LS4-B7,01-03,3,RTG-03,RTG,3,OP-004,JOB-724B4E31,2025-02-25 17:54:00,2025-02-25 17:54:31,0,0,N/A,Yard stacking for storage,In Yard,5,Planned,Optimal,0,1,147,72.1,52.8,Medium
247,MOV-9B35C689AF,2025-02-26 12:32:50,Gate Out,CNT-0029,HLCU3225862,42P1,2,OOG,Full,35.7,Heavy,OOG,N/A,V046,VOY-2502-JNPT-46,JNPT,2,2025-02-25 07:46:00,2025-02-25 08:29:00,2025-02-25 11:46:00,import_container,Gate Out,Block,OOG-B3-05-02-3,Gate,GATE-5,OOG-B3,N/A,0,TT-06,internal truck,0,OP-018,JOB-7286899C,2025-02-26 12:32:00,2025-02-26 12:32:50,0,0,N/A,Import delivery to consignee,Exited,1439,Planned,Optimal,0,0,1562,66.5,5,Medium
248,MOV-07A88CFB7D,2025-02-27 14:27:36,Gate In,CNT-0044,EGLV9937987,22G1,1,Dry,Full,27.4,Heavy,Sea-Side,SB169268,V050,VOY-2503-JNPT-50,JNPT,2,2025-03-02 09:45:00,2025-03-02 10:17:00,2025-03-02 14:45:00,export_container,Gate In,Gate,GATE-2,Yard,Sea-Side,N/A,N/A,0,TT-08,internal truck,0,OP-004,JOB-73C34441,2025-02-27 14:27:00,2025-02-27 14:27:36,0,0,N/A,Export cargo arrival from CFS/ICD,In Transit,0,Planned,Optimal,0,0,0,86.2,36.4,High
249,MOV-BD529AA70E,2025-02-27 15:24:49,Yard In,CNT-0044,EGLV9937987,22G1,1,Dry,Full,27.4,Heavy,Sea-Side,SB169268,V050,VOY-2503-JNPT-50,JNPT,2,2025-03-02 09:45:00,2025-03-02 10:03:00,2025-03-02 14:45:00,export_container,Yard In,Yard,Sea-Side,Block,SS3-B4-03-05-1,SS3-B4,03-05,1,RTG-01,RTG,0,OP-011,JOB-73C34441,2025-02-27 15:24:00,2025-02-27 15:24:49,0,0,N/A,Initial yard positioning,In Transit,57,Planned,Suboptimal,0,0,57,82.3,34.3,High
250,MOV-B682BB8439,2025-02-27 15:36:18,Stack,CNT-0044,EGLV9937987,22G1,1,Dry,Full,27.4,Heavy,Sea-Side,SB169268,V050,VOY-2503-JNPT-50,JNPT,2,2025-03-02 09:45:00,2025-03-02 10:04:00,2025-03-02 14:45:00,export_container,Stack,Block,SS3-B4-03-05-1,Block,SS5-B1-05-06-2,SS5-B1,05-06,2,RTG-09,RTG,2,OP-020,JOB-73C34441,2025-02-27 14:13:00,2025-02-27 15:36:18,83,1,Weight stacking violation detected - restacking required,Weight stacking violation detected - restacking required,In Yard,12,Forced,Suboptimal,0,0,69,82.2,46.6,High
251,MOV-FCB794F887,2025-02-27 15:50:19,Unstack,CNT-0044,EGLV9937987,22G1,1,Dry,Full,27.4,Heavy,Sea-Side,SB169268,V050,VOY-2503-JNPT-50,JNPT,2,2025-03-02 09:45:00,2025-03-02 10:10:00,2025-03-02 14:45:00,export_container,Unstack,Block,SS5-B1-05-06-2,Yard,SS5-B1-GROUND,SS5-B1,GROUND,0,RTG-01,RTG,0,OP-012,JOB-73C34441,2025-02-27 15:50:00,2025-02-27 15:50:19,0,0,N/A,Retrieval for repositioning,On Ground,14,Planned,Suboptimal,0,0,83,84.9,54.8,High
252,MOV-53B3AD06DE,2025-02-27 16:07:52,Yard Shift,CNT-0044,EGLV9937987,22G1,1,Dry,Full,27.4,Heavy,Sea-Side,SB169268,V050,VOY-2503-JNPT-50,JNPT,2,2025-03-02 09:45:00,2025-03-02 10:00:00,2025-03-02 14:45:00,export_container,Transfer,Block,SS5-B1-GROUND,Block,SS3-B1-12-05-1,SS3-B1,12-05,1,RTG-01,RTG,0,OP-004,JOB-73C34441,2025-02-27 16:07:00,2025-02-27 16:07:52,0,0,N/A,Zone optimization movement,In Yard,17,Forced,Forced,0,0,100,86.1,60.3,High
253,MOV-DBCFE01FF5,2025-02-27 16:16:30,Stack,CNT-0044,EGLV9937987,22G1,1,Dry,Full,27.4,Heavy,Sea-Side,SB169268,V050,VOY-2503-JNPT-50,JNPT,2,2025-03-02 09:45:00,2025-03-02 09:32:00,2025-03-02 14:45:00,export_container,Stack,Block,SS3-B1-12-05-1,Block,SS3-B4-13-04-4,SS3-B4,13-04,4,RTG-01,RTG,4,OP-007,JOB-73C34441,2025-02-27 15:55:00,2025-02-27 16:16:30,21,0,N/A,Yard stacking for storage,In Yard,9,Forced,Suboptimal,0,0,109,88.2,65.7,High
254,MOV-94B731A2C9,2025-02-27 16:29:04,Unstack,CNT-0044,EGLV9937987,22G1,1,Dry,Full,27.4,Heavy,Sea-Side,SB169268,V050,VOY-2503-JNPT-50,JNPT,2,2025-03-02 09:45:00,2025-03-02 10:37:00,2025-03-02 14:45:00,export_container,Unstack,Block,SS3-B4-13-04-4,Yard,SS3-B4-GROUND,SS3-B4,GROUND,0,RTG-01,RTG,0,OP-001,JOB-73C34441,2025-02-27 16:19:00,2025-02-27 16:29:04,10,0,N/A,Retrieval for repositioning,On Ground,13,Planned,Suboptimal,0,0,122,87.7,46.7,High
255,MOV-B65D175BD0,2025-02-27 16:43:59,Rehandle,CNT-0044,EGLV9937987,22G1,1,Dry,Full,27.4,Heavy,Sea-Side,SB169268,V050,VOY-2503-JNPT-50,JNPT,2,2025-03-02 09:45:00,2025-03-02 10:09:00,2025-03-02 14:45:00,export_container,Transfer,Yard,SS3-B4-GROUND,Block,SS1-B2-14-07-4,SS1-B2,14-07,4,RTG-01,RTG,0,OP-020,JOB-73C34441,2025-02-27 16:43:00,2025-02-27 16:43:59,0,0,N/A,Blocking container removal for access,In Yard,14,Forced,Suboptimal,1,1,136,86.4,55.1,High
256,MOV-3413B0A1E5,2025-02-27 16:50:46,Stack,CNT-0044,EGLV9937987,22G1,1,Dry,Full,27.4,Heavy,Sea-Side,SB169268,V050,VOY-2503-JNPT-50,JNPT,2,2025-03-02 09:45:00,2025-03-02 09:45:00,2025-03-02 14:45:00,export_container,Stack,Block,SS1-B2-14-07-4,Block,SS2-B2-14-05-1,SS2-B2,14-05,1,RTG-09,RTG,1,OP-017,JOB-73C34441,2025-02-27 16:50:00,2025-02-27 16:50:46,0,0,N/A,Yard stacking for storage,In Yard,7,Forced,Suboptimal,0,1,143,85.8,49,High
257,MOV-ED6CA7EDC2,2025-02-27 16:59:23,Unstack,CNT-0044,EGLV9937987,22G1,1,Dry,Full,27.4,Heavy,Sea-Side,SB169268,V050,VOY-2503-JNPT-50,JNPT,2,2025-03-02 09:45:00,2025-03-02 09:29:00,2025-03-02 14:45:00,export_container,Unstack,Block,SS2-B2-14-05-1,Yard,SS2-B2-GROUND,SS2-B2,GROUND,0,RTG-01,RTG,0,OP-019,JOB-73C34441,2025-02-27 16:59:00,2025-02-27 16:59:23,0,0,N/A,Retrieval for repositioning,On Ground,9,Forced,Forced,1,1,152,83.2,48.2,High
258,MOV-4D74C8865F,2025-02-27 17:24:47,Rehandle,CNT-0044,EGLV9937987,22G1,1,Dry,Full,27.4,Heavy,Sea-Side,SB169268,V050,VOY-2503-JNPT-50,JNPT,2,2025-03-02 09:45:00,2025-03-02 10:39:00,2025-03-02 14:45:00,export_container,Transfer,Yard,SS2-B2-GROUND,Block,SS3-B4-17-01-1,SS3-B4,17-01,1,RTG-01,RTG,0,OP-003,JOB-73C34441,2025-02-27 17:24:00,2025-02-27 17:24:47,0,0,N/A,Blocking container removal for access,In Yard,25,Forced,Suboptimal,1,2,177,88.6,43.7,High
259,MOV-1282F4A2BD,2025-02-27 17:39:36,Stack,CNT-0044,EGLV9937987,22G1,1,Dry,Full,27.4,Heavy,Sea-Side,SB169268,V050,VOY-2503-JNPT-50,JNPT,2,2025-03-02 09:45:00,2025-03-02 09:57:00,2025-03-02 14:45:00,export_container,Stack,Block,SS3-B4-17-01-1,Block,SS3-B5-01-04-4,SS3-B5,01-04,4,RTG-01,RTG,4,OP-014,JOB-73C34441,2025-02-27 17:39:00,2025-02-27 17:39:36,0,0,N/A,Yard stacking for storage,In Yard,15,Forced,Suboptimal,0,2,192,86.4,38.9,High
260,MOV-ED4AD27D04,2025-02-27 17:49:46,Unstack,CNT-0044,EGLV9937987,22G1,1,Dry,Full,27.4,Heavy,Sea-Side,SB169268,V050,VOY-2503-JNPT-50,JNPT,2,2025-03-02 09:45:00,2025-03-02 10:27:00,2025-03-02 14:45:00,export_container,Unstack,Block,SS3-B5-01-04-4,Yard,SS3-B5-GROUND,SS3-B5,GROUND,0,RTG-09,RTG,0,OP-009,JOB-73C34441,2025-02-27 17:49:00,2025-02-27 17:49:46,0,0,N/A,Retrieval for repositioning,On Ground,10,Forced,Forced,1,2,202,89.5,34.6,High
261,MOV-AA8116DD7B,2025-02-27 18:00:08,Rehandle,CNT-0044,EGLV9937987,22G1,1,Dry,Full,27.4,Heavy,Sea-Side,SB169268,V050,VOY-2503-JNPT-50,JNPT,2,2025-03-02 09:45:00,2025-03-02 10:19:00,2025-03-02 14:45:00,export_container,Transfer,Yard,SS3-B5-GROUND,Block,SS3-B5-01-03-4,SS3-B5,01-03,4,RTG-01,RTG,0,OP-003,JOB-73C34441,2025-02-27 18:00:00,2025-02-27 18:00:08,0,0,N/A,Blocking container removal for access,In Yard,11,Forced,Suboptimal,1,3,213,72.9,29.3,Medium
262,MOV-87FD9C9738,2025-02-27 18:09:42,Stack,CNT-0044,EGLV9937987,22G1,1,Dry,Full,27.4,Heavy,Sea-Side,SB169268,V050,VOY-2503-JNPT-50,JNPT,2,2025-03-02 09:45:00,2025-03-02 10:12:00,2025-03-02 14:45:00,export_container,Stack,Block,SS3-B5-01-03-4,Block,SS3-B1-04-05-2,SS3-B1,04-05,2,RTG-01,RTG,2,OP-012,JOB-73C34441,2025-02-27 18:09:00,2025-02-27 18:09:42,0,0,N/A,Yard stacking for storage,In Yard,9,Planned,Optimal,0,3,222,68.7,29.3,Medium
263,MOV-AA449E3F43,2025-02-27 19:01:59,Pre-Staging,CNT-0044,EGLV9937987,22G1,1,Dry,Full,27.4,Heavy,Sea-Side,SB169268,V050,VOY-2503-JNPT-50,JNPT,2,2025-03-02 09:45:00,2025-03-02 09:34:00,2025-03-02 14:45:00,export_container,Yard Out,Block,SS3-B1-04-05-2,Block,SS5-B1-11-01-2,SS5-B1,11-01,2,RTG-01,RTG,2,OP-016,JOB-73C34441,2025-02-27 19:01:00,2025-02-27 19:01:59,0,0,N/A,Vessel cutoff preparation - VOY-2503-JNPT-50,In Yard,52,Planned,Optimal,0,3,274,70.4,56.8,Medium
264,MOV-32028758B4,2025-02-27 19:40:46,Vessel Load,CNT-0044,EGLV9937987,22G1,1,Dry,Full,27.4,Heavy,Sea-Side,SB169268,V050,VOY-2503-JNPT-50,JNPT,2,2025-03-02 09:45:00,2025-03-02 10:36:00,2025-03-02 14:45:00,export_container,Vessel Load,Block,SS5-B1-11-01-2,Vessel,V050,SS5-B1,N/A,0,QC-01,QC,0,OP-006,JOB-73C34441,2025-02-27 19:40:00,2025-02-27 19:40:46,0,0,N/A,Loading to JNPT service,Loaded,39,Planned,Optimal,0,3,313,74.4,46.8,Medium
265,MOV-E4CC80A616,2025-02-28 13:48:10,Gate In,CNT-0042,MSCU9735042,42U1,2,Hazardous,Full,22.8,Heavy,Sea-Side,SB870881,V051,VOY-2503-KOC-51,Kochi,3,2025-03-02 11:28:00,2025-03-02 11:52:00,2025-03-02 16:28:00,export_container,Gate In,Gate,GATE-5,Yard,Sea-Side,N/A,N/A,0,TT-07,internal truck,0,OP-010,JOB-12AFD54E,2025-02-28 13:48:00,2025-02-28 13:48:10,0,0,N/A,Export cargo arrival from CFS/ICD,In Transit,0,Planned,Optimal,0,0,0,67.8,24.8,Medium
266,MOV-3ABBAC6020,2025-02-28 14:47:57,Yard In,CNT-0042,MSCU9735042,42U1,2,Hazardous,Full,22.8,Heavy,Sea-Side,SB870881,V051,VOY-2503-KOC-51,Kochi,3,2025-03-02 11:28:00,2025-03-02 12:27:00,2025-03-02 16:28:00,export_container,Yard In,Yard,Sea-Side,Block,SS4-B1-17-01-2,SS4-B1,17-01,2,RTG-04,RTG,0,OP-018,JOB-12AFD54E,2025-02-28 14:47:00,2025-02-28 14:47:57,0,0,N/A,Initial yard positioning,In Transit,59,Planned,Suboptimal,0,0,59,92.4,34.5,High
267,MOV-80612B096C,2025-02-28 14:54:45,Stack,CNT-0042,MSCU9735042,42U1,2,Hazardous,Full,22.8,Heavy,Sea-Side,SB870881,V051,VOY-2503-KOC-51,Kochi,3,2025-03-02 11:28:00,2025-03-02 11:18:00,2025-03-02 16:28:00,export_container,Stack,Block,SS4-B1-17-01-2,Block,SS2-B4-03-02-3,SS2-B4,03-02,3,RTG-06,RTG,3,OP-004,JOB-12AFD54E,2025-02-28 14:54:00,2025-02-28 14:54:45,0,0,N/A,Yard stacking for storage,In Yard,7,Forced,Suboptimal,0,0,66,80,68.6,High
268,MOV-3362CBB2FA,2025-02-28 15:00:46,Unstack,CNT-0042,MSCU9735042,42U1,2,Hazardous,Full,22.8,Heavy,Sea-Side,SB870881,V051,VOY-2503-KOC-51,Kochi,3,2025-03-02 11:28:00,2025-03-02 12:03:00,2025-03-02 16:28:00,export_container,Unstack,Block,SS2-B4-03-02-3,Yard,SS2-B4-GROUND,SS2-B4,GROUND,0,RTG-08,RTG,0,OP-020,JOB-12AFD54E,2025-02-28 15:00:00,2025-02-28 15:00:46,0,0,N/A,Retrieval for repositioning,On Ground,6,Planned,Suboptimal,0,0,72,79.9,59.3,Medium
269,MOV-7CAFAF73F6,2025-02-28 15:45:49,Yard Shift,CNT-0042,MSCU9735042,42U1,2,Hazardous,Full,22.8,Heavy,Sea-Side,SB870881,V051,VOY-2503-KOC-51,Kochi,3,2025-03-02 11:28:00,2025-03-02 11:04:00,2025-03-02 16:28:00,export_container,Transfer,Block,SS2-B4-GROUND,Block,SS3-B5-05-01-2,SS3-B5,05-01,2,RTG-04,RTG,0,OP-014,JOB-12AFD54E,2025-02-28 15:45:00,2025-02-28 15:45:49,0,0,N/A,Zone optimization movement,In Yard,45,Planned,Suboptimal,0,0,117,78.9,55.8,Medium
270,MOV-294A9117BE,2025-02-28 15:54:54,Stack,CNT-0042,MSCU9735042,42U1,2,Hazardous,Full,22.8,Heavy,Sea-Side,SB870881,V051,VOY-2503-KOC-51,Kochi,3,2025-03-02 11:28:00,2025-03-02 12:01:00,2025-03-02 16:28:00,export_container,Stack,Block,SS3-B5-05-01-2,Block,SS1-B2-07-01-3,SS1-B2,07-01,3,RTG-04,RTG,3,OP-018,JOB-12AFD54E,2025-02-28 15:54:00,2025-02-28 15:54:54,0,0,N/A,Yard stacking for storage,In Yard,9,Forced,Suboptimal,0,0,126,83.9,40.6,High
271,MOV-1F8D5590D6,2025-02-28 15:59:05,Unstack,CNT-0042,MSCU9735042,42U1,2,Hazardous,Full,22.8,Heavy,Sea-Side,SB870881,V051,VOY-2503-KOC-51,Kochi,3,2025-03-02 11:28:00,2025-03-02 12:14:00,2025-03-02 16:28:00,export_container,Unstack,Block,SS1-B2-07-01-3,Yard,SS1-B2-GROUND,SS1-B2,GROUND,0,RTG-04,RTG,0,OP-020,JOB-12AFD54E,2025-02-28 15:59:00,2025-02-28 15:59:05,0,0,N/A,Retrieval for repositioning,On Ground,5,Planned,Suboptimal,0,0,131,84.2,41.8,High
272,MOV-59573B8C63,2025-02-28 16:14:54,Yard Shift,CNT-0042,MSCU9735042,42U1,2,Hazardous,Full,22.8,Heavy,Sea-Side,SB870881,V051,VOY-2503-KOC-51,Kochi,3,2025-03-02 11:28:00,2025-03-02 11:02:00,2025-03-02 16:28:00,export_container,Transfer,Block,SS1-B2-GROUND,Block,SS2-B1-06-01-1,SS2-B1,06-01,1,RTG-04,RTG,0,OP-019,JOB-12AFD54E,2025-02-28 15:55:00,2025-02-28 16:14:54,19,0,N/A,Zone optimization movement,In Yard,15,Forced,Forced,0,0,146,83.2,40.8,High
273,MOV-DD63922260,2025-02-28 16:28:59,Stack,CNT-0042,MSCU9735042,42U1,2,Hazardous,Full,22.8,Heavy,Sea-Side,SB870881,V051,VOY-2503-KOC-51,Kochi,3,2025-03-02 11:28:00,2025-03-02 11:02:00,2025-03-02 16:28:00,export_container,Stack,Block,SS2-B1-06-01-1,Block,SS2-B2-10-01-4,SS2-B2,10-01,4,RTG-04,RTG,4,OP-003,JOB-12AFD54E,2025-02-28 16:28:00,2025-02-28 16:28:59,0,0,N/A,Yard stacking for storage,In Yard,14,Forced,Suboptimal,0,0,160,82.2,59.7,High
274,MOV-FA93BE36E3,2025-02-28 17:36:17,Pre-Staging,CNT-0042,MSCU9735042,42U1,2,Hazardous,Full,22.8,Heavy,Sea-Side,SB870881,V051,VOY-2503-KOC-51,Kochi,3,2025-03-02 11:28:00,2025-03-02 11:40:00,2025-03-02 16:28:00,export_container,Yard Out,Block,SS2-B2-10-01-4,Block,SS5-B1-10-02-2,SS5-B1,10-02,2,RTG-04,RTG,2,OP-017,JOB-12AFD54E,2025-02-28 17:36:00,2025-02-28 17:36:17,0,0,N/A,Vessel cutoff preparation - VOY-2503-KOC-51,In Yard,68,Planned,Optimal,0,0,228,87,46,High
275,MOV-BFF37B88B7,2025-02-28 18:04:36,Vessel Load,CNT-0042,MSCU9735042,42U1,2,Hazardous,Full,22.8,Heavy,Sea-Side,SB870881,V051,VOY-2503-KOC-51,Kochi,3,2025-03-02 11:28:00,2025-03-02 12:18:00,2025-03-02 16:28:00,export_container,Vessel Load,Block,SS5-B1-10-02-2,Vessel,V051,SS5-B1,N/A,0,QC-03,QC,0,OP-017,JOB-12AFD54E,2025-02-28 18:04:00,2025-02-28 18:04:36,0,0,N/A,Loading to Kochi service,Loaded,28,Planned,Optimal,0,0,256,73.2,46.8,Medium
276,MOV-CE01A72BB4,2025-03-01 15:37:47,Gate In,CNT-0017,COSU6475691,42P1,2,OOG,Full,33.3,Heavy,OOG,SB552825,V049,VOY-2503-CLB-49,Colombo,1,2025-03-02 12:13:00,2025-03-02 12:32:00,2025-03-02 18:13:00,export_container,Gate In,Gate,GATE-5,Yard,OOG,N/A,N/A,0,TT-05,internal truck,0,OP-011,JOB-969109CE,2025-03-01 15:18:00,2025-03-01 15:37:47,19,0,N/A,Export cargo arrival from CFS/ICD,In Transit,0,Planned,Optimal,0,0,0,85.2,30.6,High
277,MOV-E4FD05441F,2025-03-01 16:20:27,Yard In,CNT-0017,COSU6475691,42P1,2,OOG,Full,33.3,Heavy,OOG,SB552825,V049,VOY-2503-CLB-49,Colombo,1,2025-03-02 12:13:00,2025-03-02 12:40:00,2025-03-02 18:13:00,export_container,Yard In,Yard,OOG,Block,OOG-B3-04-02-1,OOG-B3,04-02,1,RTG-08,RTG,0,OP-018,JOB-969109CE,2025-03-01 16:20:00,2025-03-01 16:20:27,0,0,N/A,Initial yard positioning,In Transit,43,Planned,Optimal,0,0,43,77.4,33.4,Medium
278,MOV-767A03160D,2025-03-01 16:33:46,Stack,CNT-0017,COSU6475691,42P1,2,OOG,Full,33.3,Heavy,OOG,SB552825,V049,VOY-2503-CLB-49,Colombo,1,2025-03-02 12:13:00,2025-03-02 12:54:00,2025-03-02 18:13:00,export_container,Stack,Block,OOG-B3-04-02-1,Block,OOG-B3-13-01-3,OOG-B3,13-01,3,RS-01,Reach Stacker,3,OP-008,JOB-969109CE,2025-03-01 16:18:00,2025-03-01 16:33:46,15,0,N/A,Yard stacking for storage,In Yard,13,Forced,Suboptimal,0,0,56,80.7,15.5,High
279,MOV-86FF1B45E8,2025-03-01 16:47:04,Unstack,CNT-0017,COSU6475691,42P1,2,OOG,Full,33.3,Heavy,OOG,SB552825,V049,VOY-2503-CLB-49,Colombo,1,2025-03-02 12:13:00,2025-03-02 12:04:00,2025-03-02 18:13:00,export_container,Unstack,Block,OOG-B3-13-01-3,Yard,OOG-B3-GROUND,OOG-B3,GROUND,0,RS-01,Reach Stacker,0,OP-014,JOB-969109CE,2025-03-01 16:47:00,2025-03-01 16:47:04,0,0,N/A,Retrieval for repositioning,On Ground,14,Planned,Suboptimal,0,0,70,84.2,12.7,High
280,MOV-8D057958E9,2025-03-01 17:10:00,Yard Shift,CNT-0017,COSU6475691,42P1,2,OOG,Full,33.3,Heavy,OOG,SB552825,V049,VOY-2503-CLB-49,Colombo,1,2025-03-02 12:13:00,2025-03-02 12:33:00,2025-03-02 18:13:00,export_container,Transfer,Block,OOG-B3-GROUND,Block,OOG-B2-16-05-2,OOG-B2,16-05,2,RTG-08,RTG,0,OP-011,JOB-969109CE,2025-03-01 16:41:00,2025-03-01 17:10:00,29,0,N/A,Zone optimization movement,In Yard,23,Forced,Forced,0,0,93,81.6,12.5,High
281,MOV-C75EA38B75,2025-03-01 17:24:20,Stack,CNT-0017,COSU6475691,42P1,2,OOG,Full,33.3,Heavy,OOG,SB552825,V049,VOY-2503-CLB-49,Colombo,1,2025-03-02 12:13:00,2025-03-02 12:20:00,2025-03-02 18:13:00,export_container,Stack,Block,OOG-B2-16-05-2,Block,OOG-B2-10-03-2,OOG-B2,10-03,2,RS-01,Reach Stacker,2,OP-016,JOB-969109CE,2025-03-01 16:49:00,2025-03-01 17:24:20,35,0,N/A,Yard stacking for storage,In Yard,14,Forced,Suboptimal,0,0,107,85.3,17.7,High
282,MOV-DE410BFF86,2025-03-01 17:38:37,Unstack,CNT-0017,COSU6475691,42P1,2,OOG,Full,33.3,Heavy,OOG,SB552825,V049,VOY-2503-CLB-49,Colombo,1,2025-03-02 12:13:00,2025-03-02 12:52:00,2025-03-02 18:13:00,export_container,Unstack,Block,OOG-B2-10-03-2,Yard,OOG-B2-GROUND,OOG-B2,GROUND,0,RS-01,Reach Stacker,0,OP-006,JOB-969109CE,2025-03-01 17:16:00,2025-03-01 17:38:37,22,0,N/A,Retrieval for repositioning,On Ground,14,Planned,Suboptimal,0,0,121,85.6,21.3,High
283,MOV-47CAA09883,2025-03-01 18:14:04,Yard Shift,CNT-0017,COSU6475691,42P1,2,OOG,Full,33.3,Heavy,OOG,SB552825,V049,VOY-2503-CLB-49,Colombo,1,2025-03-02 12:13:00,2025-03-02 12:35:00,2025-03-02 18:13:00,export_container,Transfer,Block,OOG-B2-GROUND,Block,OOG-B2-15-07-3,OOG-B2,15-07,3,RTG-08,RTG,0,OP-016,JOB-969109CE,2025-03-01 18:14:00,2025-03-01 18:14:04,0,0,N/A,Zone optimization movement,In Yard,36,Planned,Suboptimal,0,0,157,72.4,8.4,Medium
284,MOV-269A641110,2025-03-01 18:21:25,Stack,CNT-0017,COSU6475691,42P1,2,OOG,Full,33.3,Heavy,OOG,SB552825,V049,VOY-2503-CLB-49,Colombo,1,2025-03-02 12:13:00,2025-03-02 12:51:00,2025-03-02 18:13:00,export_container,Stack,Block,OOG-B2-15-07-3,Block,OOG-B4-13-01-4,OOG-B4,13-01,4,RS-01,Reach Stacker,4,OP-017,JOB-969109CE,2025-03-01 18:21:00,2025-03-01 18:21:25,0,0,N/A,Yard stacking for storage,In Yard,7,Planned,Optimal,0,0,164,72.1,8.4,Medium
285,MOV-9CED6287F6,2025-03-01 20:19:42,Pre-Staging,CNT-0017,COSU6475691,42P1,2,OOG,Full,33.3,Heavy,OOG,SB552825,V049,VOY-2503-CLB-49,Colombo,1,2025-03-02 12:13:00,2025-03-02 12:28:00,2025-03-02 18:13:00,export_container,Yard Out,Block,OOG-B4-13-01-4,Block,OOG-B1-04-07-2,OOG-B1,04-07,2,RTG-08,RTG,2,OP-006,JOB-969109CE,2025-03-01 20:19:00,2025-03-01 20:19:42,0,0,N/A,Vessel cutoff preparation - VOY-2503-CLB-49,In Yard,118,Planned,Optimal,0,0,282,71.4,3.9,Medium
286,MOV-34E5C9F86F,2025-03-01 20:54:48,Vessel Load,CNT-0017,COSU6475691,42P1,2,OOG,Full,33.3,Heavy,OOG,SB552825,V049,VOY-2503-CLB-49,Colombo,1,2025-03-02 12:13:00,2025-03-02 12:25:00,2025-03-02 18:13:00,export_container,Vessel Load,Block,OOG-B1-04-07-2,Vessel,V049,OOG-B1,N/A,0,QC-03,QC,0,OP-014,JOB-969109CE,2025-03-01 20:54:00,2025-03-01 20:54:48,0,0,N/A,Loading to Colombo service,Loaded,35,Planned,Optimal,0,0,317,73.5,5.2,Medium
287,MOV-B0D200253C,2025-03-04 11:20:54,Gate In,CNT-0031,MSCU2468357,22G1,1,Dry,Full,26,Heavy,Sea-Side,SB506881,V053,VOY-2503-CLB-53,Colombo,1,2025-03-06 06:37:00,2025-03-06 06:16:00,2025-03-06 10:37:00,export_container,Gate In,Gate,GATE-1,Yard,Sea-Side,N/A,N/A,0,TT-06,internal truck,0,OP-012,JOB-40E078CA,2025-03-04 11:20:00,2025-03-04 11:20:54,0,0,N/A,Export cargo arrival from CFS/ICD,In Transit,0,Planned,Optimal,0,0,0,64.5,30.5,Medium
288,MOV-6E0F0F3F1B,2025-03-04 12:12:01,Yard In,CNT-0031,MSCU2468357,22G1,1,Dry,Full,26,Heavy,Sea-Side,SB506881,V053,VOY-2503-CLB-53,Colombo,1,2025-03-06 06:37:00,2025-03-06 07:07:00,2025-03-06 10:37:00,export_container,Yard In,Yard,Sea-Side,Block,SS1-B3-15-04-4,SS1-B3,15-04,4,RTG-06,RTG,0,OP-006,JOB-40E078CA,2025-03-04 12:12:00,2025-03-04 12:12:01,0,0,N/A,Initial yard positioning,In Transit,52,Planned,Optimal,0,0,52,47.4,24.8,Low
289,MOV-5C19E9220B,2025-03-04 12:25:35,Stack,CNT-0031,MSCU2468357,22G1,1,Dry,Full,26,Heavy,Sea-Side,SB506881,V053,VOY-2503-CLB-53,Colombo,1,2025-03-06 06:37:00,2025-03-06 06:25:00,2025-03-06 10:37:00,export_container,Stack,Block,SS1-B3-15-04-4,Block,SS5-B3-05-03-3,SS5-B3,05-03,3,RTG-06,RTG,3,OP-004,JOB-40E078CA,2025-03-04 12:25:00,2025-03-04 12:25:35,0,0,N/A,Yard stacking for storage,In Yard,13,Planned,Optimal,0,0,65,51.1,30.7,Low
290,MOV-F7A87D7166,2025-03-04 13:00:26,Pre-Staging,CNT-0031,MSCU2468357,22G1,1,Dry,Full,26,Heavy,Sea-Side,SB506881,V053,VOY-2503-CLB-53,Colombo,1,2025-03-06 06:37:00,2025-03-06 07:29:00,2025-03-06 10:37:00,export_container,Yard Out,Block,SS5-B3-05-03-3,Block,SS1-B3-07-06-3,SS1-B3,07-06,3,RTG-06,RTG,3,OP-017,JOB-40E078CA,2025-03-04 13:00:00,2025-03-04 13:00:26,0,0,N/A,Vessel cutoff preparation - VOY-2503-CLB-53,In Yard,35,Planned,Optimal,0,0,100,49.3,55.7,Low
291,MOV-361362DB5F,2025-03-04 13:19:07,Vessel Load,CNT-0031,MSCU2468357,22G1,1,Dry,Full,26,Heavy,Sea-Side,SB506881,V053,VOY-2503-CLB-53,Colombo,1,2025-03-06 06:37:00,2025-03-06 06:30:00,2025-03-06 10:37:00,export_container,Vessel Load,Block,SS1-B3-07-06-3,Vessel,V053,SS1-B3,N/A,0,QC-01,QC,0,OP-019,JOB-40E078CA,2025-03-04 13:19:00,2025-03-04 13:19:07,0,0,N/A,Loading to Colombo service,Loaded,19,Planned,Optimal,0,0,119,53.7,30.7,Low
292,MOV-78DF1CC95E,2025-03-04 16:19:35,Gate In,CNT-0005,CMAU7435505,22G1,1,Dry,Full,11.4,Medium,Land-Side,SB456385,V054,VOY-2503-JNPT-54,JNPT,2,2025-03-06 09:00:00,2025-03-06 09:39:00,2025-03-06 15:00:00,export_container,Gate In,Gate,GATE-6,Yard,Land-Side,N/A,N/A,0,TT-02,internal truck,0,OP-013,JOB-B883F474,2025-03-04 16:19:00,2025-03-04 16:19:35,0,0,N/A,Export cargo arrival from CFS/ICD,In Transit,0,Planned,Optimal,0,0,0,72.4,35.2,Medium
293,MOV-D074817419,2025-03-04 17:08:30,Yard In,CNT-0005,CMAU7435505,22G1,1,Dry,Full,11.4,Medium,Land-Side,SB456385,V054,VOY-2503-JNPT-54,JNPT,2,2025-03-06 09:00:00,2025-03-06 10:00:00,2025-03-06 15:00:00,export_container,Yard In,Yard,Land-Side,Block,LS4-B2-14-01-3,LS4-B2,14-01,3,RTG-03,RTG,0,OP-013,JOB-B883F474,2025-03-04 17:08:00,2025-03-04 17:08:30,0,0,N/A,Initial yard positioning,In Transit,49,Planned,Optimal,0,0,49,74.9,32.2,Medium
294,MOV-93874D6530,2025-03-04 17:19:06,Stack,CNT-0005,CMAU7435505,22G1,1,Dry,Full,11.4,Medium,Land-Side,SB456385,V054,VOY-2503-JNPT-54,JNPT,2,2025-03-06 09:00:00,2025-03-06 09:37:00,2025-03-06 15:00:00,export_container,Stack,Block,LS4-B2-14-01-3,Block,LS1-B2-17-05-3,LS1-B2,17-05,3,RTG-04,RTG,3,OP-015,JOB-B883F474,2025-03-04 16:08:00,2025-03-04 17:19:06,71,1,Priority uplift by shipping line - expedited handling,Priority uplift by shipping line - expedited handling,In Yard,11,Forced,Suboptimal,0,0,60,73.8,49.2,Medium
295,MOV-8017841279,2025-03-04 17:24:50,Unstack,CNT-0005,CMAU7435505,22G1,1,Dry,Full,11.4,Medium,Land-Side,SB456385,V054,VOY-2503-JNPT-54,JNPT,2,2025-03-06 09:00:00,2025-03-06 09:03:00,2025-03-06 15:00:00,export_container,Unstack,Block,LS1-B2-17-05-3,Yard,LS1-B2-GROUND,LS1-B2,GROUND,0,RTG-03,RTG,0,OP-011,JOB-B883F474,2025-03-04 17:24:00,2025-03-04 17:24:50,0,0,N/A,Retrieval for repositioning,On Ground,5,Planned,Suboptimal,0,0,65,73.1,39.6,Medium
296,MOV-B2CDEC0D66,2025-03-04 17:58:02,Yard Shift,CNT-0005,CMAU7435505,22G1,1,Dry,Full,11.4,Medium,Land-Side,SB456385,V054,VOY-2503-JNPT-54,JNPT,2,2025-03-06 09:00:00,2025-03-06 09:49:00,2025-03-06 15:00:00,export_container,Transfer,Block,LS1-B2-GROUND,Block,SS5-B4-11-06-4,SS5-B4,11-06,4,RTG-03,RTG,0,OP-003,JOB-B883F474,2025-03-04 17:58:00,2025-03-04 17:58:02,0,0,N/A,Zone optimization movement,In Yard,34,Planned,Suboptimal,0,0,99,72.8,46.6,Medium
297,MOV-E7F247B7D8,2025-03-04 18:06:19,Stack,CNT-0005,CMAU7435505,22G1,1,Dry,Full,11.4,Medium,Land-Side,SB456385,V054,VOY-2503-JNPT-54,JNPT,2,2025-03-06 09:00:00,2025-03-06 08:33:00,2025-03-06 15:00:00,export_container,Stack,Block,SS5-B4-11-06-4,Block,LS1-B4-04-07-1,LS1-B4,04-07,1,RTG-04,RTG,1,OP-002,JOB-B883F474,2025-03-04 18:06:00,2025-03-04 18:06:19,0,0,N/A,Yard stacking for storage,In Yard,8,Planned,Optimal,0,0,107,57.8,30.4,Low
298,MOV-6593BEE65F,2025-03-04 18:16:15,Unstack,CNT-0005,CMAU7435505,22G1,1,Dry,Full,11.4,Medium,Land-Side,SB456385,V054,VOY-2503-JNPT-54,JNPT,2,2025-03-06 09:00:00,2025-03-06 09:37:00,2025-03-06 15:00:00,export_container,Unstack,Block,LS1-B4-04-07-1,Yard,LS1-B4-GROUND,LS1-B4,GROUND,0,RTG-03,RTG,0,OP-014,JOB-B883F474,2025-03-04 18:16:00,2025-03-04 18:16:15,0,0,N/A,Retrieval for repositioning,On Ground,10,Planned,Suboptimal,0,0,117,58.4,23.8,Low
299,MOV-89105B47E9,2025-03-04 18:49:58,Yard Shift,CNT-0005,CMAU7435505,22G1,1,Dry,Full,11.4,Medium,Land-Side,SB456385,V054,VOY-2503-JNPT-54,JNPT,2,2025-03-06 09:00:00,2025-03-06 09:44:00,2025-03-06 15:00:00,export_container,Transfer,Block,LS1-B4-GROUND,Block,SS5-B4-20-06-2,SS5-B4,20-06,2,RTG-03,RTG,0,OP-005,JOB-B883F474,2025-03-04 18:49:00,2025-03-04 18:49:58,0,0,N/A,Zone optimization movement,In Yard,33,Planned,Suboptimal,0,0,150,56.9,23.8,Low
300,MOV-213AD4C93B,2025-03-04 18:57:22,Stack,CNT-0005,CMAU7435505,22G1,1,Dry,Full,11.4,Medium,Land-Side,SB456385,V054,VOY-2503-JNPT-54,JNPT,2,2025-03-06 09:00:00,2025-03-06 09:45:00,2025-03-06 15:00:00,export_container,Stack,Block,SS5-B4-20-06-2,Block,LS1-B7-15-03-2,LS1-B7,15-03,2,RTG-04,RTG,2,OP-010,JOB-B883F474,2025-03-04 18:57:00,2025-03-04 18:57:22,0,0,N/A,Yard stacking for storage,In Yard,8,Planned,Optimal,0,0,158,55.5,30.4,Low
301,MOV-D5780A17FD,2025-03-04 19:12:12,Unstack,CNT-0005,CMAU7435505,22G1,1,Dry,Full,11.4,Medium,Land-Side,SB456385,V054,VOY-2503-JNPT-54,JNPT,2,2025-03-06 09:00:00,2025-03-06 09:19:00,2025-03-06 15:00:00,export_container,Unstack,Block,LS1-B7-15-03-2,Yard,LS1-B7-GROUND,LS1-B7,GROUND,0,RTG-03,RTG,0,OP-016,JOB-B883F474,2025-03-04 19:12:00,2025-03-04 19:12:12,0,0,N/A,Retrieval for repositioning,On Ground,15,Planned,Suboptimal,0,0,173,58,29.8,Low
302,MOV-6F2E564DA1,2025-03-04 19:25:55,Rehandle,CNT-0005,CMAU7435505,22G1,1,Dry,Full,11.4,Medium,Land-Side,SB456385,V054,VOY-2503-JNPT-54,JNPT,2,2025-03-06 09:00:00,2025-03-06 09:57:00,2025-03-06 15:00:00,export_container,Transfer,Yard,LS1-B7-GROUND,Block,LS3-B1-13-03-1,LS3-B1,13-03,1,RTG-03,RTG,0,OP-002,JOB-B883F474,2025-03-04 19:25:00,2025-03-04 19:25:55,0,0,N/A,Blocking container removal for access,In Yard,13,Forced,Suboptimal,1,1,186,54.2,29.8,Low
303,MOV-376A985A51,2025-03-04 19:39:48,Stack,CNT-0005,CMAU7435505,22G1,1,Dry,Full,11.4,Medium,Land-Side,SB456385,V054,VOY-2503-JNPT-54,JNPT,2,2025-03-06 09:00:00,2025-03-06 09:54:00,2025-03-06 15:00:00,export_container,Stack,Block,LS3-B1-13-03-1,Block,LS2-B5-12-02-2,LS2-B5,12-02,2,RTG-03,RTG,2,OP-005,JOB-B883F474,2025-03-04 19:39:00,2025-03-04 19:39:48,0,0,N/A,Yard stacking for storage,In Yard,14,Planned,Optimal,0,1,200,58.5,29.8,Low
304,MOV-CE010FC840,2025-03-04 19:54:28,Unstack,CNT-0005,CMAU7435505,22G1,1,Dry,Full,11.4,Medium,Land-Side,SB456385,V054,VOY-2503-JNPT-54,JNPT,2,2025-03-06 09:00:00,2025-03-06 08:34:00,2025-03-06 15:00:00,export_container,Unstack,Block,LS2-B5-12-02-2,Yard,LS2-B5-GROUND,LS2-B5,GROUND,0,RTG-03,RTG,0,OP-019,JOB-B883F474,2025-03-04 19:54:00,2025-03-04 19:54:28,0,0,N/A,Retrieval for repositioning,On Ground,15,Forced,Forced,1,1,215,49.8,50,Low
305,MOV-9DBB35D2C7,2025-03-04 20:15:32,Rehandle,CNT-0005,CMAU7435505,22G1,1,Dry,Full,11.4,Medium,Land-Side,SB456385,V054,VOY-2503-JNPT-54,JNPT,2,2025-03-06 09:00:00,2025-03-06 09:04:00,2025-03-06 15:00:00,export_container,Transfer,Yard,LS2-B5-GROUND,Block,LS2-B2-05-07-3,LS2-B2,05-07,3,RTG-03,RTG,0,OP-006,JOB-B883F474,2025-03-04 20:15:00,2025-03-04 20:15:32,0,0,N/A,Blocking container removal for access,In Yard,21,Forced,Suboptimal,1,2,236,58.4,50,Low
306,MOV-E23FB4D838,2025-03-04 20:24:09,Stack,CNT-0005,CMAU7435505,22G1,1,Dry,Full,11.4,Medium,Land-Side,SB456385,V054,VOY-2503-JNPT-54,JNPT,2,2025-03-06 09:00:00,2025-03-06 08:58:00,2025-03-06 15:00:00,export_container,Stack,Block,LS2-B2-05-07-3,Block,LS3-B6-11-07-1,LS3-B6,11-07,1,RTG-04,RTG,1,OP-013,JOB-B883F474,2025-03-04 20:24:00,2025-03-04 20:24:09,0,0,N/A,Yard stacking for storage,In Yard,9,Planned,Optimal,0,2,245,59.5,50,Low
307,MOV-640D4E98A8,2025-03-04 20:37:07,Unstack,CNT-0005,CMAU7435505,22G1,1,Dry,Full,11.4,Medium,Land-Side,SB456385,V054,VOY-2503-JNPT-54,JNPT,2,2025-03-06 09:00:00,2025-03-06 09:28:00,2025-03-06 15:00:00,export_container,Unstack,Block,LS3-B6-11-07-1,Yard,LS3-B6-GROUND,LS3-B6,GROUND,0,RTG-03,RTG,0,OP-012,JOB-B883F474,2025-03-04 20:37:00,2025-03-04 20:37:07,0,0,N/A,Retrieval for repositioning,On Ground,13,Forced,Forced,1,2,258,50.7,49.3,Low
308,MOV-133D48C1F3,2025-03-04 20:55:14,Rehandle,CNT-0005,CMAU7435505,22G1,1,Dry,Full,11.4,Medium,Land-Side,SB456385,V054,VOY-2503-JNPT-54,JNPT,2,2025-03-06 09:00:00,2025-03-06 09:52:00,2025-03-06 15:00:00,export_container,Transfer,Yard,LS3-B6-GROUND,Block,SS2-B4-01-05-3,SS2-B4,01-05,3,RTG-03,RTG,0,OP-003,JOB-B883F474,2025-03-04 20:55:00,2025-03-04 20:55:14,0,0,N/A,Blocking container removal for access,In Yard,18,Forced,Suboptimal,1,3,276,57.6,49.3,Low
309,MOV-BDF181F9D8,2025-03-04 21:10:07,Stack,CNT-0005,CMAU7435505,22G1,1,Dry,Full,11.4,Medium,Land-Side,SB456385,V054,VOY-2503-JNPT-54,JNPT,2,2025-03-06 09:00:00,2025-03-06 08:42:00,2025-03-06 15:00:00,export_container,Stack,Block,SS2-B4-01-05-3,Block,LS4-B1-05-01-1,LS4-B1,05-01,1,RTG-03,RTG,1,OP-008,JOB-B883F474,2025-03-04 21:10:00,2025-03-04 21:10:07,0,0,N/A,Yard stacking for storage,In Yard,15,Planned,Optimal,0,3,291,55,49.3,Low
310,MOV-0700743F5C,2025-03-05 04:00:41,Pre-Staging,CNT-0005,CMAU7435505,22G1,1,Dry,Full,11.4,Medium,Land-Side,SB456385,V054,VOY-2503-JNPT-54,JNPT,2,2025-03-06 09:00:00,2025-03-06 08:42:00,2025-03-06 15:00:00,export_container,Yard Out,Block,LS4-B1-05-01-1,Block,SS5-B4-19-06-2,SS5-B4,19-06,2,RTG-03,RTG,2,OP-016,JOB-B883F474,2025-03-05 04:00:00,2025-03-05 04:00:41,0,0,N/A,Vessel cutoff preparation - VOY-2503-JNPT-54,In Yard,410,Planned,Optimal,0,3,701,60.5,24.6,Medium
311,MOV-FAD77BBFCE,2025-03-05 04:34:44,Vessel Load,CNT-0005,CMAU7435505,22G1,1,Dry,Full,11.4,Medium,Land-Side,SB456385,V054,VOY-2503-JNPT-54,JNPT,2,2025-03-06 09:00:00,2025-03-06 09:17:00,2025-03-06 15:00:00,export_container,Vessel Load,Block,SS5-B4-19-06-2,Vessel,V054,SS5-B4,N/A,0,QC-02,QC,0,OP-007,JOB-B883F474,2025-03-05 04:34:00,2025-03-05 04:34:44,0,0,N/A,Loading to JNPT service,Loaded,34,Planned,Optimal,0,3,735,65.4,30.4,Medium
312,MOV-55C7E8629C,2025-03-07 14:44:07,Gate In,CNT-0018,MAEU1176962,45G1,2,Dry,Full,21.8,Heavy,Sea-Side,SB492292,V058,VOY-2503-JNPT-58,JNPT,2,2025-03-10 13:15:00,2025-03-10 13:03:00,2025-03-10 18:15:00,export_container,Gate In,Gate,GATE-7,Yard,Sea-Side,N/A,N/A,0,TT-05,internal truck,0,OP-012,JOB-8D01A27F,2025-03-07 14:44:00,2025-03-07 14:44:07,0,0,N/A,Export cargo arrival from CFS/ICD,In Transit,0,Planned,Optimal,0,0,0,72.1,30.9,Medium
313,MOV-7904EEA13E,2025-03-07 15:23:04,Yard In,CNT-0018,MAEU1176962,45G1,2,Dry,Full,21.8,Heavy,Sea-Side,SB492292,V058,VOY-2503-JNPT-58,JNPT,2,2025-03-10 13:15:00,2025-03-10 13:23:00,2025-03-10 18:15:00,export_container,Yard In,Yard,Sea-Side,Block,SS3-B4-04-04-4,SS3-B4,04-04,4,RTG-08,RTG,0,OP-002,JOB-8D01A27F,2025-03-07 15:23:00,2025-03-07 15:23:04,0,0,N/A,Initial yard positioning,In Transit,39,Planned,Optimal,0,0,39,76.6,35,Medium
314,MOV-F8FB604E59,2025-03-07 15:29:27,Stack,CNT-0018,MAEU1176962,45G1,2,Dry,Full,21.8,Heavy,Sea-Side,SB492292,V058,VOY-2503-JNPT-58,JNPT,2,2025-03-10 13:15:00,2025-03-10 13:44:00,2025-03-10 18:15:00,export_container,Stack,Block,SS3-B4-04-04-4,Block,SS2-B2-17-02-2,SS2-B2,17-02,2,RTG-09,RTG,2,OP-008,JOB-8D01A27F,2025-03-07 14:03:00,2025-03-07 15:29:27,86,1,Earlier POD cargo buried - excavation required,Earlier POD cargo buried - excavation required,In Yard,6,Forced,Suboptimal,0,0,45,70.8,46.3,Medium
315,MOV-4D5B6BA611,2025-03-07 15:40:01,Unstack,CNT-0018,MAEU1176962,45G1,2,Dry,Full,21.8,Heavy,Sea-Side,SB492292,V058,VOY-2503-JNPT-58,JNPT,2,2025-03-10 13:15:00,2025-03-10 14:03:00,2025-03-10 18:15:00,export_container,Unstack,Block,SS2-B2-17-02-2,Yard,SS2-B2-GROUND,SS2-B2,GROUND,0,RTG-08,RTG,0,OP-007,JOB-8D01A27F,2025-03-07 15:40:00,2025-03-07 15:40:01,0,0,N/A,Retrieval for repositioning,On Ground,11,Planned,Suboptimal,0,0,56,75.9,45,Medium
316,MOV-C70B83FE1C,2025-03-07 16:09:55,Yard Shift,CNT-0018,MAEU1176962,45G1,2,Dry,Full,21.8,Heavy,Sea-Side,SB492292,V058,VOY-2503-JNPT-58,JNPT,2,2025-03-10 13:15:00,2025-03-10 13:53:00,2025-03-10 18:15:00,export_container,Transfer,Block,SS2-B2-GROUND,Block,SS2-B3-03-05-1,SS2-B3,03-05,1,RTG-08,RTG,0,OP-006,JOB-8D01A27F,2025-03-07 16:09:00,2025-03-07 16:09:55,0,0,N/A,Zone optimization movement,In Yard,29,Planned,Suboptimal,0,0,85,76.8,45.4,Medium
317,MOV-3C75E26C1E,2025-03-07 16:19:07,Stack,CNT-0018,MAEU1176962,45G1,2,Dry,Full,21.8,Heavy,Sea-Side,SB492292,V058,VOY-2503-JNPT-58,JNPT,2,2025-03-10 13:15:00,2025-03-10 13:29:00,2025-03-10 18:15:00,export_container,Stack,Block,SS2-B3-03-05-1,Block,SS4-B5-11-05-4,SS4-B5,11-05,4,RTG-09,RTG,4,OP-012,JOB-8D01A27F,2025-03-07 16:19:00,2025-03-07 16:19:07,0,0,N/A,Yard stacking for storage,In Yard,10,Planned,Optimal,0,0,95,74.5,34.8,Medium
318,MOV-3074108F8F,2025-03-07 16:31:58,Unstack,CNT-0018,MAEU1176962,45G1,2,Dry,Full,21.8,Heavy,Sea-Side,SB492292,V058,VOY-2503-JNPT-58,JNPT,2,2025-03-10 13:15:00,2025-03-10 14:03:00,2025-03-10 18:15:00,export_container,Unstack,Block,SS4-B5-11-05-4,Yard,SS4-B5-GROUND,SS4-B5,GROUND,0,RTG-08,RTG,0,OP-019,JOB-8D01A27F,2025-03-07 16:31:00,2025-03-07 16:31:58,0,0,N/A,Retrieval for repositioning,On Ground,12,Planned,Suboptimal,0,0,107,79.6,34,Medium
319,MOV-2C664DE658,2025-03-07 16:48:24,Yard Shift,CNT-0018,MAEU1176962,45G1,2,Dry,Full,21.8,Heavy,Sea-Side,SB492292,V058,VOY-2503-JNPT-58,JNPT,2,2025-03-10 13:15:00,2025-03-10 13:38:00,2025-03-10 18:15:00,export_container,Transfer,Block,SS4-B5-GROUND,Block,SS1-B2-12-06-2,SS1-B2,12-06,2,RTG-08,RTG,0,OP-020,JOB-8D01A27F,2025-03-07 16:48:00,2025-03-07 16:48:24,0,0,N/A,Zone optimization movement,In Yard,17,Planned,Suboptimal,0,0,124,77.1,29.4,Medium
320,MOV-7529A66C99,2025-03-07 16:55:20,Stack,CNT-0018,MAEU1176962,45G1,2,Dry,Full,21.8,Heavy,Sea-Side,SB492292,V058,VOY-2503-JNPT-58,JNPT,2,2025-03-10 13:15:00,2025-03-10 13:42:00,2025-03-10 18:15:00,export_container,Stack,Block,SS1-B2-12-06-2,Block,SS5-B2-18-02-4,SS5-B2,18-02,4,RTG-09,RTG,4,OP-020,JOB-8D01A27F,2025-03-07 16:55:00,2025-03-07 16:55:20,0,0,N/A,Yard stacking for storage,In Yard,7,Planned,Optimal,0,0,131,76.8,40,Medium
321,MOV-9461AB9785,2025-03-07 17:00:35,Unstack,CNT-0018,MAEU1176962,45G1,2,Dry,Full,21.8,Heavy,Sea-Side,SB492292,V058,VOY-2503-JNPT-58,JNPT,2,2025-03-10 13:15:00,2025-03-10 13:49:00,2025-03-10 18:15:00,export_container,Unstack,Block,SS5-B2-18-02-4,Yard,SS5-B2-GROUND,SS5-B2,GROUND,0,RTG-08,RTG,0,OP-016,JOB-8D01A27F,2025-03-07 17:00:00,2025-03-07 17:00:35,0,0,N/A,Retrieval for repositioning,On Ground,5,Planned,Suboptimal,0,0,136,82.9,47,High
322,MOV-184E11F9B7,2025-03-07 17:23:48,Rehandle,CNT-0018,MAEU1176962,45G1,2,Dry,Full,21.8,Heavy,Sea-Side,SB492292,V058,VOY-2503-JNPT-58,JNPT,2,2025-03-10 13:15:00,2025-03-10 13:13:00,2025-03-10 18:15:00,export_container,Transfer,Yard,SS5-B2-GROUND,Block,SS4-B2-03-05-1,SS4-B2,03-05,1,RTG-08,RTG,0,OP-010,JOB-8D01A27F,2025-03-07 17:23:00,2025-03-07 17:23:48,0,0,N/A,Blocking container removal for access,In Yard,23,Forced,Suboptimal,1,1,159,77.8,50.5,Medium
323,MOV-81E9D30987,2025-03-07 17:28:49,Stack,CNT-0018,MAEU1176962,45G1,2,Dry,Full,21.8,Heavy,Sea-Side,SB492292,V058,VOY-2503-JNPT-58,JNPT,2,2025-03-10 13:15:00,2025-03-10 13:54:00,2025-03-10 18:15:00,export_container,Stack,Block,SS4-B2-03-05-1,Block,SS4-B5-16-05-1,SS4-B5,16-05,1,RTG-09,RTG,1,OP-012,JOB-8D01A27F,2025-03-07 17:28:00,2025-03-07 17:28:49,0,0,N/A,Yard stacking for storage,In Yard,5,Planned,Optimal,0,1,164,74.5,43.8,Medium
324,MOV-EABE7A3AB5,2025-03-07 19:07:53,Pre-Staging,CNT-0018,MAEU1176962,45G1,2,Dry,Full,21.8,Heavy,Sea-Side,SB492292,V058,VOY-2503-JNPT-58,JNPT,2,2025-03-10 13:15:00,2025-03-10 14:08:00,2025-03-10 18:15:00,export_container,Yard Out,Block,SS4-B5-16-05-1,Block,SS4-B5-07-04-1,SS4-B5,07-04,1,RTG-08,RTG,1,OP-008,JOB-8D01A27F,2025-03-07 19:07:00,2025-03-07 19:07:53,0,0,N/A,Vessel cutoff preparation - VOY-2503-JNPT-58,In Yard,99,Planned,Optimal,0,1,263,62.5,22,Medium
325,MOV-CF1171A676,2025-03-07 19:31:22,Vessel Load,CNT-0018,MAEU1176962,45G1,2,Dry,Full,21.8,Heavy,Sea-Side,SB492292,V058,VOY-2503-JNPT-58,JNPT,2,2025-03-10 13:15:00,2025-03-10 12:56:00,2025-03-10 18:15:00,export_container,Vessel Load,Block,SS4-B5-07-04-1,Vessel,V058,SS4-B5,N/A,0,QC-03,QC,0,OP-015,JOB-8D01A27F,2025-03-07 19:31:00,2025-03-07 19:31:22,0,0,N/A,Loading to JNPT service,Loaded,24,Planned,Optimal,0,1,287,62.8,22,Medium
326,MOV-9B0E312145,2025-03-08 06:53:12,Gate In,CNT-0037,MAEU3528052,42G0,2,Dry,Full,32,Heavy,Land-Side,SB830789,V060,VOY-2503-MUN-60,Mundra,4,2025-03-10 12:22:00,2025-03-10 12:24:00,2025-03-10 17:22:00,export_container,Gate In,Gate,GATE-8,Yard,Land-Side,N/A,N/A,0,TT-06,internal truck,0,OP-013,JOB-7A3214A1,2025-03-08 06:53:00,2025-03-08 06:53:12,0,0,N/A,Export cargo arrival from CFS/ICD,In Transit,0,Planned,Optimal,0,0,0,62.2,24.8,Medium
327,MOV-75840D1278,2025-03-08 07:13:29,Yard In,CNT-0037,MAEU3528052,42G0,2,Dry,Full,32,Heavy,Land-Side,SB830789,V060,VOY-2503-MUN-60,Mundra,4,2025-03-10 12:22:00,2025-03-10 12:04:00,2025-03-10 17:22:00,export_container,Yard In,Yard,Land-Side,Block,LS2-B4-15-02-1,LS2-B4,15-02,1,RTG-08,RTG,0,OP-017,JOB-7A3214A1,2025-03-08 07:13:00,2025-03-08 07:13:29,0,0,N/A,Initial yard positioning,In Transit,20,Planned,Optimal,0,0,20,61.8,24.8,Medium
328,MOV-62ABC0354D,2025-03-08 07:28:33,Stack,CNT-0037,MAEU3528052,42G0,2,Dry,Full,32,Heavy,Land-Side,SB830789,V060,VOY-2503-MUN-60,Mundra,4,2025-03-10 12:22:00,2025-03-10 12:07:00,2025-03-10 17:22:00,export_container,Stack,Block,LS2-B4-15-02-1,Block,LS3-B3-06-06-1,LS3-B3,06-06,1,RTG-08,RTG,1,OP-009,JOB-7A3214A1,2025-03-08 07:28:00,2025-03-08 07:28:33,0,0,N/A,Yard stacking for storage,In Yard,15,Planned,Optimal,0,0,35,66,43,Medium
329,MOV-944F41225E,2025-03-08 07:40:55,Unstack,CNT-0037,MAEU3528052,42G0,2,Dry,Full,32,Heavy,Land-Side,SB830789,V060,VOY-2503-MUN-60,Mundra,4,2025-03-10 12:22:00,2025-03-10 13:17:00,2025-03-10 17:22:00,export_container,Unstack,Block,LS3-B3-06-06-1,Yard,LS3-B3-GROUND,LS3-B3,GROUND,0,RTG-09,RTG,0,OP-007,JOB-7A3214A1,2025-03-08 07:40:00,2025-03-08 07:40:55,0,0,N/A,Retrieval for repositioning,On Ground,12,Planned,Suboptimal,0,0,47,62,21.2,Medium
330,MOV-BA0E9C3E35,2025-03-08 07:53:02,Rehandle,CNT-0037,MAEU3528052,42G0,2,Dry,Full,32,Heavy,Land-Side,SB830789,V060,VOY-2503-MUN-60,Mundra,4,2025-03-10 12:22:00,2025-03-10 13:06:00,2025-03-10 17:22:00,export_container,Transfer,Yard,LS3-B3-GROUND,Block,SS3-B5-04-04-2,SS3-B5,04-04,2,RTG-08,RTG,0,OP-016,JOB-7A3214A1,2025-03-08 07:53:00,2025-03-08 07:53:02,0,0,N/A,Blocking container removal for access,In Yard,13,Forced,Suboptimal,1,1,60,60.6,21.2,Medium
331,MOV-358E0DC8E6,2025-03-08 08:07:09,Stack,CNT-0037,MAEU3528052,42G0,2,Dry,Full,32,Heavy,Land-Side,SB830789,V060,VOY-2503-MUN-60,Mundra,4,2025-03-10 12:22:00,2025-03-10 13:21:00,2025-03-10 17:22:00,export_container,Stack,Block,SS3-B5-04-04-2,Block,LS4-B1-20-03-1,LS4-B1,20-03,1,RTG-08,RTG,1,OP-018,JOB-7A3214A1,2025-03-08 08:07:00,2025-03-08 08:07:09,0,0,N/A,Yard stacking for storage,In Yard,14,Planned,Optimal,0,1,74,69.5,28.7,Medium
332,MOV-082469A625,2025-03-08 08:29:53,Gate In,CNT-0002,CMAU9961107,22G0,1,Dry,Full,8.1,Light,Sea-Side,SB290556,V060,VOY-2503-MUN-60,Mundra,4,2025-03-10 12:22:00,2025-03-10 12:02:00,2025-03-10 17:22:00,export_container,Gate In,Gate,GATE-7,Yard,Sea-Side,N/A,N/A,0,TT-01,internal truck,0,OP-016,JOB-C41FFFB2,2025-03-08 08:29:00,2025-03-08 08:29:53,0,0,N/A,Export cargo arrival from CFS/ICD,In Transit,0,Planned,Optimal,0,0,0,73.2,37.3,Medium
333,MOV-BF68A6B954,2025-03-08 08:50:12,Yard In,CNT-0002,CMAU9961107,22G0,1,Dry,Full,8.1,Light,Sea-Side,SB290556,V060,VOY-2503-MUN-60,Mundra,4,2025-03-10 12:22:00,2025-03-10 11:54:00,2025-03-10 17:22:00,export_container,Yard In,Yard,Sea-Side,Block,SS2-B1-02-07-1,SS2-B1,02-07,1,RTG-01,RTG,0,OP-020,JOB-C41FFFB2,2025-03-08 08:50:00,2025-03-08 08:50:12,0,0,N/A,Initial yard positioning,In Transit,21,Planned,Optimal,0,0,21,71.1,39.3,Medium
334,MOV-E786B9ADB1,2025-03-08 08:50:46,Pre-Staging,CNT-0037,MAEU3528052,42G0,2,Dry,Full,32,Heavy,Land-Side,SB830789,V060,VOY-2503-MUN-60,Mundra,4,2025-03-10 12:22:00,2025-03-10 12:09:00,2025-03-10 17:22:00,export_container,Yard Out,Block,LS4-B1-20-03-1,Block,SS3-B4-07-01-4,SS3-B4,07-01,4,RTG-08,RTG,4,OP-009,JOB-7A3214A1,2025-03-08 08:50:00,2025-03-08 08:50:46,0,0,N/A,Vessel cutoff preparation - VOY-2503-MUN-60,In Yard,43,Planned,Optimal,0,1,117,66,39.5,Medium
335,MOV-C8C9C8910A,2025-03-08 08:57:49,Stack,CNT-0002,CMAU9961107,22G0,1,Dry,Full,8.1,Light,Sea-Side,SB290556,V060,VOY-2503-MUN-60,Mundra,4,2025-03-10 12:22:00,2025-03-10 12:12:00,2025-03-10 17:22:00,export_container,Stack,Block,SS2-B1-02-07-1,Block,SS2-B4-09-07-3,SS2-B4,09-07,3,RTG-01,RTG,3,OP-010,JOB-C41FFFB2,2025-03-08 08:28:00,2025-03-08 08:57:49,29,1,Yard congestion - no available slots in target block,Yard congestion - no available slots in target block,In Yard,7,Forced,Suboptimal,0,0,28,68.6,56.7,Medium
336,MOV-F07C68FB71,2025-03-08 09:03:25,Unstack,CNT-0002,CMAU9961107,22G0,1,Dry,Full,8.1,Light,Sea-Side,SB290556,V060,VOY-2503-MUN-60,Mundra,4,2025-03-10 12:22:00,2025-03-10 12:17:00,2025-03-10 17:22:00,export_container,Unstack,Block,SS2-B4-09-07-3,Yard,SS2-B4-GROUND,SS2-B4,GROUND,0,RTG-01,RTG,0,OP-003,JOB-C41FFFB2,2025-03-08 09:03:00,2025-03-08 09:03:25,0,0,N/A,Retrieval for repositioning,On Ground,6,Planned,Suboptimal,0,0,34,74.7,59.9,Medium
337,MOV-6BD6CD2278,2025-03-08 09:33:44,Vessel Load,CNT-0037,MAEU3528052,42G0,2,Dry,Full,32,Heavy,Land-Side,SB830789,V060,VOY-2503-MUN-60,Mundra,4,2025-03-10 12:22:00,2025-03-10 12:54:00,2025-03-10 17:22:00,export_container,Vessel Load,Block,SS3-B4-07-01-4,Vessel,V060,SS3-B4,N/A,0,QC-02,QC,0,OP-007,JOB-7A3214A1,2025-03-08 09:33:00,2025-03-08 09:33:44,0,0,N/A,Loading to Mundra service,Loaded,43,Planned,Optimal,0,1,160,68,50.8,Medium
338,MOV-5DE7334939,2025-03-08 09:36:34,Yard Shift,CNT-0002,CMAU9961107,22G0,1,Dry,Full,8.1,Light,Sea-Side,SB290556,V060,VOY-2503-MUN-60,Mundra,4,2025-03-10 12:22:00,2025-03-10 12:46:00,2025-03-10 17:22:00,export_container,Transfer,Block,SS2-B4-GROUND,Block,SS3-B5-04-07-1,SS3-B5,04-07,1,RTG-01,RTG,0,OP-012,JOB-C41FFFB2,2025-03-08 09:36:00,2025-03-08 09:36:34,0,0,N/A,Zone optimization movement,In Yard,33,Planned,Suboptimal,0,0,67,74,55.1,Medium
339,MOV-863236C016,2025-03-08 09:42:11,Stack,CNT-0002,CMAU9961107,22G0,1,Dry,Full,8.1,Light,Sea-Side,SB290556,V060,VOY-2503-MUN-60,Mundra,4,2025-03-10 12:22:00,2025-03-10 12:58:00,2025-03-10 17:22:00,export_container,Stack,Block,SS3-B5-04-07-1,Block,SS4-B1-14-03-4,SS4-B1,14-03,4,RTG-02,RTG,4,OP-009,JOB-C41FFFB2,2025-03-08 09:42:00,2025-03-08 09:42:11,0,0,N/A,Yard stacking for storage,In Yard,6,Planned,Optimal,0,0,73,70.4,42.8,Medium
340,MOV-21E24591FF,2025-03-08 09:56:52,Unstack,CNT-0002,CMAU9961107,22G0,1,Dry,Full,8.1,Light,Sea-Side,SB290556,V060,VOY-2503-MUN-60,Mundra,4,2025-03-10 12:22:00,2025-03-10 13:07:00,2025-03-10 17:22:00,export_container,Unstack,Block,SS4-B1-14-03-4,Yard,SS4-B1-GROUND,SS4-B1,GROUND,0,RTG-01,RTG,0,OP-009,JOB-C41FFFB2,2025-03-08 09:56:00,2025-03-08 09:56:52,0,0,N/A,Retrieval for repositioning,On Ground,14,Planned,Suboptimal,0,0,87,74.6,68.9,Medium
341,MOV-8865281708,2025-03-08 10:16:01,Rehandle,CNT-0002,CMAU9961107,22G0,1,Dry,Full,8.1,Light,Sea-Side,SB290556,V060,VOY-2503-MUN-60,Mundra,4,2025-03-10 12:22:00,2025-03-10 12:55:00,2025-03-10 17:22:00,export_container,Transfer,Yard,SS4-B1-GROUND,Block,SS4-B2-15-05-4,SS4-B2,15-05,4,RTG-01,RTG,0,OP-011,JOB-C41FFFB2,2025-03-08 10:16:00,2025-03-08 10:16:01,0,0,N/A,Blocking container removal for access,In Yard,20,Forced,Suboptimal,1,1,107,76.8,65,Medium
342,MOV-3835EEFB0E,2025-03-08 10:23:05,Stack,CNT-0002,CMAU9961107,22G0,1,Dry,Full,8.1,Light,Sea-Side,SB290556,V060,VOY-2503-MUN-60,Mundra,4,2025-03-10 12:22:00,2025-03-10 12:22:00,2025-03-10 17:22:00,export_container,Stack,Block,SS4-B2-15-05-4,Block,SS3-B5-09-05-1,SS3-B5,09-05,1,RTG-02,RTG,1,OP-014,JOB-C41FFFB2,2025-03-08 10:23:00,2025-03-08 10:23:05,0,0,N/A,Yard stacking for storage,In Yard,7,Planned,Optimal,0,1,114,70.3,66.7,Medium
343,MOV-71792E241D,2025-03-08 10:35:31,Unstack,CNT-0002,CMAU9961107,22G0,1,Dry,Full,8.1,Light,Sea-Side,SB290556,V060,VOY-2503-MUN-60,Mundra,4,2025-03-10 12:22:00,2025-03-10 12:49:00,2025-03-10 17:22:00,export_container,Unstack,Block,SS3-B5-09-05-1,Yard,SS3-B5-GROUND,SS3-B5,GROUND,0,RTG-01,RTG,0,OP-001,JOB-C41FFFB2,2025-03-08 10:35:00,2025-03-08 10:35:31,0,0,N/A,Retrieval for repositioning,On Ground,12,Forced,Forced,1,1,126,70.3,39,Medium
344,MOV-52EA6A4D72,2025-03-08 10:47:47,Rehandle,CNT-0002,CMAU9961107,22G0,1,Dry,Full,8.1,Light,Sea-Side,SB290556,V060,VOY-2503-MUN-60,Mundra,4,2025-03-10 12:22:00,2025-03-10 13:02:00,2025-03-10 17:22:00,export_container,Transfer,Yard,SS3-B5-GROUND,Block,SS5-B3-16-05-3,SS5-B3,16-05,3,RTG-02,RTG,0,OP-011,JOB-C41FFFB2,2025-03-08 10:47:00,2025-03-08 10:47:47,0,0,N/A,Blocking container removal for access,In Yard,12,Forced,Suboptimal,1,2,138,68.7,36.7,Medium
345,MOV-F77E9B7083,2025-03-08 10:57:30,Stack,CNT-0002,CMAU9961107,22G0,1,Dry,Full,8.1,Light,Sea-Side,SB290556,V060,VOY-2503-MUN-60,Mundra,4,2025-03-10 12:22:00,2025-03-10 12:27:00,2025-03-10 17:22:00,export_container,Stack,Block,SS5-B3-16-05-3,Block,SS1-B2-11-01-2,SS1-B2,11-01,2,RTG-01,RTG,2,OP-019,JOB-C41FFFB2,2025-03-08 10:57:00,2025-03-08 10:57:30,0,0,N/A,Yard stacking for storage,In Yard,10,Planned,Optimal,0,2,148,72,36.8,Medium
346,MOV-6C0F19B4E0,2025-03-08 12:34:00,Pre-Staging,CNT-0002,CMAU9961107,22G0,1,Dry,Full,8.1,Light,Sea-Side,SB290556,V060,VOY-2503-MUN-60,Mundra,4,2025-03-10 12:22:00,2025-03-10 13:22:00,2025-03-10 17:22:00,export_container,Yard Out,Block,SS1-B2-11-01-2,Block,SS2-B3-08-03-2,SS2-B3,08-03,2,RTG-01,RTG,2,OP-018,JOB-C41FFFB2,2025-03-08 12:34:00,2025-03-08 12:34:00,0,0,N/A,Vessel cutoff preparation - VOY-2503-MUN-60,In Yard,97,Planned,Optimal,0,2,245,62.2,30.2,Medium
347,MOV-39D526663F,2025-03-08 12:53:18,Vessel Load,CNT-0002,CMAU9961107,22G0,1,Dry,Full,8.1,Light,Sea-Side,SB290556,V060,VOY-2503-MUN-60,Mundra,4,2025-03-10 12:22:00,2025-03-10 13:21:00,2025-03-10 17:22:00,export_container,Vessel Load,Block,SS2-B3-08-03-2,Vessel,V060,SS2-B3,N/A,0,QC-01,QC,0,OP-005,JOB-C41FFFB2,2025-03-08 12:53:00,2025-03-08 12:53:18,0,0,N/A,Loading to Mundra service,Loaded,19,Planned,Optimal,0,2,264,60.6,27.1,Medium
348,MOV-ED3E2B68D7,2025-03-12 10:26:34,Gate In,CNT-0047,EGLV9775941,45G1,2,Dry,Full,12.3,Medium,Land-Side,SB741780,V064,VOY-2503-MUN-64,Mundra,4,2025-03-14 13:08:00,2025-03-14 13:42:00,2025-03-14 17:08:00,export_container,Gate In,Gate,GATE-6,Yard,Land-Side,N/A,N/A,0,TT-06,internal truck,0,OP-008,JOB-859D7DA4,2025-03-12 10:26:00,2025-03-12 10:26:34,0,0,N/A,Export cargo arrival from CFS/ICD,In Transit,0,Planned,Optimal,0,0,0,73.8,30.8,Medium
349,MOV-1BECDF6E75,2025-03-12 11:15:02,Yard In,CNT-0047,EGLV9775941,45G1,2,Dry,Full,12.3,Medium,Land-Side,SB741780,V064,VOY-2503-MUN-64,Mundra,4,2025-03-14 13:08:00,2025-03-14 12:44:00,2025-03-14 17:08:00,export_container,Yard In,Yard,Land-Side,Block,LS2-B6-16-04-2,LS2-B6,16-04,2,RTG-01,RTG,0,OP-012,JOB-859D7DA4,2025-03-12 11:15:00,2025-03-12 11:15:02,0,0,N/A,Initial yard positioning,In Transit,49,Planned,Suboptimal,0,0,49,80.3,31.8,High
350,MOV-76050DB74E,2025-03-12 11:24:10,Stack,CNT-0047,EGLV9775941,45G1,2,Dry,Full,12.3,Medium,Land-Side,SB741780,V064,VOY-2503-MUN-64,Mundra,4,2025-03-14 13:08:00,2025-03-14 12:41:00,2025-03-14 17:08:00,export_container,Stack,Block,LS2-B6-16-04-2,Block,LS4-B1-04-06-1,LS4-B1,04-06,1,RTG-01,RTG,1,OP-016,JOB-859D7DA4,2025-03-12 10:47:00,2025-03-12 11:24:10,37,1,Equipment breakdown - RTG unavailable,Equipment breakdown - RTG unavailable,In Yard,9,Forced,Suboptimal,0,0,58,74.7,51.2,Medium
351,MOV-70AAF08EFD,2025-03-12 11:37:26,Unstack,CNT-0047,EGLV9775941,45G1,2,Dry,Full,12.3,Medium,Land-Side,SB741780,V064,VOY-2503-MUN-64,Mundra,4,2025-03-14 13:08:00,2025-03-14 13:03:00,2025-03-14 17:08:00,export_container,Unstack,Block,LS4-B1-04-06-1,Yard,LS4-B1-GROUND,LS4-B1,GROUND,0,RTG-01,RTG,0,OP-011,JOB-859D7DA4,2025-03-12 11:37:00,2025-03-12 11:37:26,0,0,N/A,Retrieval for repositioning,On Ground,13,Planned,Suboptimal,0,0,71,77.6,35.6,Medium
352,MOV-EB8759ED51,2025-03-12 11:54:56,Rehandle,CNT-0047,EGLV9775941,45G1,2,Dry,Full,12.3,Medium,Land-Side,SB741780,V064,VOY-2503-MUN-64,Mundra,4,2025-03-14 13:08:00,2025-03-14 13:33:00,2025-03-14 17:08:00,export_container,Transfer,Yard,LS4-B1-GROUND,Block,LS4-B2-03-04-4,LS4-B2,03-04,4,RTG-01,RTG,0,OP-005,JOB-859D7DA4,2025-03-12 11:54:00,2025-03-12 11:54:56,0,0,N/A,Blocking container removal for access,In Yard,17,Forced,Suboptimal,1,1,88,77.7,37,Medium
353,MOV-C1787D6745,2025-03-12 12:02:08,Stack,CNT-0047,EGLV9775941,45G1,2,Dry,Full,12.3,Medium,Land-Side,SB741780,V064,VOY-2503-MUN-64,Mundra,4,2025-03-14 13:08:00,2025-03-14 12:42:00,2025-03-14 17:08:00,export_container,Stack,Block,LS4-B2-03-04-4,Block,LS2-B4-07-06-3,LS2-B4,07-06,3,RTG-01,RTG,3,OP-019,JOB-859D7DA4,2025-03-12 12:02:00,2025-03-12 12:02:08,0,0,N/A,Yard stacking for storage,In Yard,8,Planned,Optimal,0,1,96,66.9,24.6,Medium
354,MOV-5760367A2B,2025-03-12 12:07:10,Unstack,CNT-0047,EGLV9775941,45G1,2,Dry,Full,12.3,Medium,Land-Side,SB741780,V064,VOY-2503-MUN-64,Mundra,4,2025-03-14 13:08:00,2025-03-14 13:21:00,2025-03-14 17:08:00,export_container,Unstack,Block,LS2-B4-07-06-3,Yard,LS2-B4-GROUND,LS2-B4,GROUND,0,RTG-04,RTG,0,OP-008,JOB-859D7DA4,2025-03-12 12:07:00,2025-03-12 12:07:10,0,0,N/A,Retrieval for repositioning,On Ground,5,Forced,Forced,1,1,101,62.4,43,Medium
355,MOV-C196F3B884,2025-03-12 12:26:26,Rehandle,CNT-0047,EGLV9775941,45G1,2,Dry,Full,12.3,Medium,Land-Side,SB741780,V064,VOY-2503-MUN-64,Mundra,4,2025-03-14 13:08:00,2025-03-14 13:44:00,2025-03-14 17:08:00,export_container,Transfer,Yard,LS2-B4-GROUND,Block,LS2-B5-18-07-2,LS2-B5,18-07,2,RTG-01,RTG,0,OP-016,JOB-859D7DA4,2025-03-12 12:26:00,2025-03-12 12:26:26,0,0,N/A,Blocking container removal for access,In Yard,19,Forced,Suboptimal,1,2,120,68.5,43,Medium
356,MOV-A713460AA6,2025-03-12 12:34:57,Stack,CNT-0047,EGLV9775941,45G1,2,Dry,Full,12.3,Medium,Land-Side,SB741780,V064,VOY-2503-MUN-64,Mundra,4,2025-03-14 13:08:00,2025-03-14 13:53:00,2025-03-14 17:08:00,export_container,Stack,Block,LS2-B5-18-07-2,Block,LS4-B6-08-02-3,LS4-B6,08-02,3,RTG-01,RTG,3,OP-005,JOB-859D7DA4,2025-03-12 12:34:00,2025-03-12 12:34:57,0,0,N/A,Yard stacking for storage,In Yard,8,Planned,Optimal,0,2,128,66.5,43,Medium
357,MOV-5525DBAD2D,2025-03-12 12:48:46,Unstack,CNT-0047,EGLV9775941,45G1,2,Dry,Full,12.3,Medium,Land-Side,SB741780,V064,VOY-2503-MUN-64,Mundra,4,2025-03-14 13:08:00,2025-03-14 13:42:00,2025-03-14 17:08:00,export_container,Unstack,Block,LS4-B6-08-02-3,Yard,LS4-B6-GROUND,LS4-B6,GROUND,0,RTG-01,RTG,0,OP-002,JOB-859D7DA4,2025-03-12 12:48:00,2025-03-12 12:48:46,0,0,N/A,Retrieval for repositioning,On Ground,14,Forced,Forced,1,2,142,64.5,44.5,Medium
358,MOV-7C7401C2FC,2025-03-12 13:11:46,Rehandle,CNT-0047,EGLV9775941,45G1,2,Dry,Full,12.3,Medium,Land-Side,SB741780,V064,VOY-2503-MUN-64,Mundra,4,2025-03-14 13:08:00,2025-03-14 13:30:00,2025-03-14 17:08:00,export_container,Transfer,Yard,LS4-B6-GROUND,Block,LS4-B4-08-01-1,LS4-B4,08-01,1,RTG-01,RTG,0,OP-007,JOB-859D7DA4,2025-03-12 13:11:00,2025-03-12 13:11:46,0,0,N/A,Blocking container removal for access,In Yard,23,Forced,Suboptimal,1,3,165,67.5,44.5,Medium
359,MOV-08E3F3DB44,2025-03-12 13:18:01,Stack,CNT-0047,EGLV9775941,45G1,2,Dry,Full,12.3,Medium,Land-Side,SB741780,V064,VOY-2503-MUN-64,Mundra,4,2025-03-14 13:08:00,2025-03-14 13:36:00,2025-03-14 17:08:00,export_container,Stack,Block,LS4-B4-08-01-1,Block,LS1-B4-10-02-4,LS1-B4,10-02,4,RTG-04,RTG,4,OP-015,JOB-859D7DA4,2025-03-12 13:18:00,2025-03-12 13:18:01,0,0,N/A,Yard stacking for storage,In Yard,7,Planned,Optimal,0,3,172,66.6,44.5,Medium
360,MOV-959BEB2341,2025-03-12 14:05:48,Pre-Staging,CNT-0047,EGLV9775941,45G1,2,Dry,Full,12.3,Medium,Land-Side,SB741780,V064,VOY-2503-MUN-64,Mundra,4,2025-03-14 13:08:00,2025-03-14 13:12:00,2025-03-14 17:08:00,export_container,Yard Out,Block,LS1-B4-10-02-4,Block,SS4-B1-03-04-3,SS4-B1,03-04,3,RTG-01,RTG,3,OP-020,JOB-859D7DA4,2025-03-12 13:28:00,2025-03-12 14:05:48,37,0,N/A,Vessel cutoff preparation - VOY-2503-MUN-64,In Yard,47,Planned,Optimal,0,3,219,88.2,32.5,High
361,MOV-19DB7ED953,2025-03-12 14:37:03,Vessel Load,CNT-0047,EGLV9775941,45G1,2,Dry,Full,12.3,Medium,Land-Side,SB741780,V064,VOY-2503-MUN-64,Mundra,4,2025-03-14 13:08:00,2025-03-14 13:43:00,2025-03-14 17:08:00,export_container,Vessel Load,Block,SS4-B1-03-04-3,Vessel,V064,SS4-B1,N/A,0,QC-01,QC,0,OP-012,JOB-859D7DA4,2025-03-12 14:37:00,2025-03-12 14:37:03,0,0,N/A,Loading to Mundra service,Loaded,32,Planned,Optimal,0,3,251,83.6,70.3,High
362,MOV-F31AB1AAC6,2025-03-14 10:14:21,Gate In,CNT-0009,MAEU8103580,42G0,2,Dry,Empty,4.9,Light,Land-Side,N/A,V063,VOY-2503-KOC-63,Kochi,3,2025-03-14 09:12:00,2025-03-14 10:01:00,2025-03-14 15:12:00,empty,Gate In,Gate,GATE-1,Yard,Land-Side,N/A,N/A,0,TT-04,internal truck,0,OP-005,JOB-A1E93A09,2025-03-14 10:14:00,2025-03-14 10:14:21,0,0,N/A,Empty return,In Transit,0,Planned,Optimal,0,0,0,77.3,35.2,Medium
363,MOV-B569ACB2CC,2025-03-14 11:12:46,Yard In,CNT-0009,MAEU8103580,42G0,2,Dry,Empty,4.9,Light,Land-Side,N/A,V063,VOY-2503-KOC-63,Kochi,3,2025-03-14 09:12:00,2025-03-14 09:12:00,2025-03-14 15:12:00,empty,Yard In,Yard,Land-Side,Block,LS4-B7-02-04-3,LS4-B7,02-04,3,RTG-07,RTG,0,OP-015,JOB-A1E93A09,2025-03-14 11:12:00,2025-03-14 11:12:46,0,0,N/A,Initial yard positioning,In Transit,58,Planned,Optimal,0,0,58,76.9,37.5,Medium
364,MOV-724B224B16,2025-03-14 11:22:39,Gate In,CNT-0032,MSCU8738745,22G1,1,Dry,Empty,3.5,Light,Land-Side,N/A,V063,VOY-2503-KOC-63,Kochi,3,2025-03-14 09:12:00,2025-03-14 10:06:00,2025-03-14 15:12:00,empty,Gate In,Gate,GATE-8,Yard,Land-Side,N/A,N/A,0,TT-05,internal truck,0,OP-010,JOB-F4616826,2025-03-14 11:22:00,2025-03-14 11:22:39,0,0,N/A,Empty return,In Transit,0,Planned,Optimal,0,0,0,76.8,33,Medium
365,MOV-049086596C,2025-03-14 11:26:49,Stack,CNT-0009,MAEU8103580,42G0,2,Dry,Empty,4.9,Light,Land-Side,N/A,V063,VOY-2503-KOC-63,Kochi,3,2025-03-14 09:12:00,2025-03-14 09:30:00,2025-03-14 15:12:00,empty,Stack,Block,LS4-B7-02-04-3,Block,LS4-B7-07-03-4,LS4-B7,07-03,4,RTG-07,RTG,4,OP-017,JOB-A1E93A09,2025-03-14 11:26:00,2025-03-14 11:26:49,0,0,N/A,Yard stacking for storage,In Yard,14,Planned,Optimal,0,0,72,76.6,53.4,Medium
366,MOV-EC1491E5FD,2025-03-14 11:39:03,Unstack,CNT-0009,MAEU8103580,42G0,2,Dry,Empty,4.9,Light,Land-Side,N/A,V063,VOY-2503-KOC-63,Kochi,3,2025-03-14 09:12:00,2025-03-14 10:04:00,2025-03-14 15:12:00,empty,Unstack,Block,LS4-B7-07-03-4,Yard,LS4-B7-GROUND,LS4-B7,GROUND,0,RTG-07,RTG,0,OP-016,JOB-A1E93A09,2025-03-14 11:39:00,2025-03-14 11:39:03,0,0,N/A,Retrieval for repositioning,On Ground,13,Planned,Suboptimal,0,0,85,73.5,54.1,Medium
367,MOV-BA4FE5F52B,2025-03-14 12:19:14,Yard In,CNT-0032,MSCU8738745,22G1,1,Dry,Empty,3.5,Light,Land-Side,N/A,V063,VOY-2503-KOC-63,Kochi,3,2025-03-14 09:12:00,2025-03-14 10:04:00,2025-03-14 15:12:00,empty,Yard In,Yard,Land-Side,Block,LS4-B6-01-03-2,LS4-B6,01-03,2,RTG-06,RTG,0,OP-014,JOB-F4616826,2025-03-14 12:19:00,2025-03-14 12:19:14,0,0,N/A,Initial yard positioning,In Transit,57,Planned,Optimal,0,0,57,65.8,24.8,Medium
368,MOV-C445B971A6,2025-03-14 12:21:28,Yard Shift,CNT-0009,MAEU8103580,42G0,2,Dry,Empty,4.9,Light,Land-Side,N/A,V063,VOY-2503-KOC-63,Kochi,3,2025-03-14 09:12:00,2025-03-14 09:47:00,2025-03-14 15:12:00,empty,Transfer,Block,LS4-B7-GROUND,Block,SS5-B1-10-01-2,SS5-B1,10-01,2,RTG-07,RTG,0,OP-005,JOB-A1E93A09,2025-03-14 12:21:00,2025-03-14 12:21:28,0,0,N/A,Zone optimization movement,In Yard,42,Planned,Suboptimal,0,0,127,68.1,43,Medium
369,MOV-EADBE06586,2025-03-14 12:28:11,Stack,CNT-0032,MSCU8738745,22G1,1,Dry,Empty,3.5,Light,Land-Side,N/A,V063,VOY-2503-KOC-63,Kochi,3,2025-03-14 09:12:00,2025-03-14 10:04:00,2025-03-14 15:12:00,empty,Stack,Block,LS4-B6-01-03-2,Block,LS4-B7-15-03-3,LS4-B7,15-03,3,RTG-07,RTG,3,OP-020,JOB-F4616826,2025-03-14 12:28:00,2025-03-14 12:28:11,0,0,N/A,Yard stacking for storage,In Yard,9,Planned,Optimal,0,0,66,66.6,44.5,Medium
370,MOV-38E167FC16,2025-03-14 12:32:24,Stack,CNT-0009,MAEU8103580,42G0,2,Dry,Empty,4.9,Light,Land-Side,N/A,V063,VOY-2503-KOC-63,Kochi,3,2025-03-14 09:12:00,2025-03-14 08:52:00,2025-03-14 15:12:00,empty,Stack,Block,SS5-B1-10-01-2,Block,LS4-B6-14-01-4,LS4-B6,14-01,4,RTG-07,RTG,4,OP-012,JOB-A1E93A09,2025-03-14 12:32:00,2025-03-14 12:32:24,0,0,N/A,Yard stacking for storage,In Yard,11,Planned,Optimal,0,0,138,67.2,46.8,Medium
371,MOV-A6223A05DC,2025-03-14 12:34:12,Unstack,CNT-0032,MSCU8738745,22G1,1,Dry,Empty,3.5,Light,Land-Side,N/A,V063,VOY-2503-KOC-63,Kochi,3,2025-03-14 09:12:00,2025-03-14 09:15:00,2025-03-14 15:12:00,empty,Unstack,Block,LS4-B7-15-03-3,Yard,LS4-B7-GROUND,LS4-B7,GROUND,0,RTG-06,RTG,0,OP-003,JOB-F4616826,2025-03-14 12:34:00,2025-03-14 12:34:12,0,0,N/A,Retrieval for repositioning,On Ground,6,Planned,Suboptimal,0,0,72,66.7,43,Medium
372,MOV-E3D03A2A1B,2025-03-14 13:12:35,Yard Shift,CNT-0032,MSCU8738745,22G1,1,Dry,Empty,3.5,Light,Land-Side,N/A,V063,VOY-2503-KOC-63,Kochi,3,2025-03-14 09:12:00,2025-03-14 09:15:00,2025-03-14 15:12:00,empty,Transfer,Block,LS4-B7-GROUND,Block,SS1-B5-19-04-2,SS1-B5,19-04,2,RTG-06,RTG,0,OP-018,JOB-F4616826,2025-03-14 13:12:00,2025-03-14 13:12:35,0,0,N/A,Zone optimization movement,In Yard,38,Planned,Suboptimal,0,0,110,60.8,43,Medium
373,MOV-90373FB78B,2025-03-14 13:12:04,Gate In,CNT-0050,CMAU4520547,42G1,2,Dry,Empty,3.5,Light,Land-Side,N/A,V062,VOY-2503-JNPT-62,JNPT,2,2025-03-14 12:46:00,2025-03-14 12:54:00,2025-03-14 16:46:00,empty,Gate In,Gate,GATE-5,Yard,Land-Side,N/A,N/A,0,TT-05,internal truck,0,OP-001,JOB-5DD08A14,2025-03-14 13:12:00,2025-03-14 13:12:04,0,0,N/A,Empty return,In Transit,0,Planned,Optimal,0,0,0,60.9,24.8,Medium
374,MOV-CFAB2D3B3A,2025-03-14 13:25:00,Stack,CNT-0032,MSCU8738745,22G1,1,Dry,Empty,3.5,Light,Land-Side,N/A,V063,VOY-2503-KOC-63,Kochi,3,2025-03-14 09:12:00,2025-03-14 10:06:00,2025-03-14 15:12:00,empty,Stack,Block,SS1-B5-19-04-2,Block,LS4-B7-05-04-1,LS4-B7,05-04,1,RTG-06,RTG,1,OP-008,JOB-F4616826,2025-03-14 13:25:00,2025-03-14 13:25:00,0,0,N/A,Yard stacking for storage,In Yard,13,Planned,Optimal,0,0,123,65.8,27.3,Medium
375,MOV-C6A6E146BA,2025-03-14 13:38:54,Yard In,CNT-0050,CMAU4520547,42G1,2,Dry,Empty,3.5,Light,Land-Side,N/A,V062,VOY-2503-JNPT-62,JNPT,2,2025-03-14 12:46:00,2025-03-14 12:51:00,2025-03-14 16:46:00,empty,Yard In,Yard,Land-Side,Block,LS4-B6-12-01-1,LS4-B6,12-01,1,RTG-04,RTG,0,OP-019,JOB-5DD08A14,2025-03-14 13:38:00,2025-03-14 13:38:54,0,0,N/A,Initial yard positioning,In Transit,26,Planned,Optimal,0,0,26,67.1,24.8,Medium
376,MOV-27030C0B0B,2025-03-14 13:39:11,Unstack,CNT-0032,MSCU8738745,22G1,1,Dry,Empty,3.5,Light,Land-Side,N/A,V063,VOY-2503-KOC-63,Kochi,3,2025-03-14 09:12:00,2025-03-14 09:54:00,2025-03-14 15:12:00,empty,Unstack,Block,LS4-B7-05-04-1,Yard,LS4-B7-GROUND,LS4-B7,GROUND,0,RTG-06,RTG,0,OP-019,JOB-F4616826,2025-03-14 13:39:00,2025-03-14 13:39:11,0,0,N/A,Retrieval for repositioning,On Ground,14,Planned,Suboptimal,0,0,137,65.4,43,Medium
377,MOV-74E06A472A,2025-03-14 13:48:45,Stack,CNT-0050,CMAU4520547,42G1,2,Dry,Empty,3.5,Light,Land-Side,N/A,V062,VOY-2503-JNPT-62,JNPT,2,2025-03-14 12:46:00,2025-03-14 12:40:00,2025-03-14 16:46:00,empty,Stack,Block,LS4-B6-12-01-1,Block,LS4-B6-04-07-1,LS4-B6,04-07,1,RTG-04,RTG,1,OP-010,JOB-5DD08A14,2025-03-14 13:06:00,2025-03-14 13:48:45,42,1,Earlier POD cargo buried - excavation required,Earlier POD cargo buried - excavation required,In Yard,10,Forced,Suboptimal,0,0,36,68.1,44.5,Medium
378,MOV-52B444E7A6,2025-03-14 13:53:02,Rehandle,CNT-0032,MSCU8738745,22G1,1,Dry,Empty,3.5,Light,Land-Side,N/A,V063,VOY-2503-KOC-63,Kochi,3,2025-03-14 09:12:00,2025-03-14 10:07:00,2025-03-14 15:12:00,empty,Transfer,Yard,LS4-B7-GROUND,Block,SS4-B2-03-03-3,SS4-B2,03-03,3,RTG-06,RTG,0,OP-007,JOB-F4616826,2025-03-14 13:53:00,2025-03-14 13:53:02,0,0,N/A,Blocking container removal for access,In Yard,14,Forced,Suboptimal,1,1,151,65.6,43,Medium
379,MOV-4552634F70,2025-03-14 13:55:59,Unstack,CNT-0050,CMAU4520547,42G1,2,Dry,Empty,3.5,Light,Land-Side,N/A,V062,VOY-2503-JNPT-62,JNPT,2,2025-03-14 12:46:00,2025-03-14 12:43:00,2025-03-14 16:46:00,empty,Unstack,Block,LS4-B6-04-07-1,Yard,LS4-B6-GROUND,LS4-B6,GROUND,0,RTG-05,RTG,0,OP-017,JOB-5DD08A14,2025-03-14 13:55:00,2025-03-14 13:55:59,0,0,N/A,Retrieval for repositioning,On Ground,7,Planned,Suboptimal,0,0,43,70.4,44.5,Medium
380,MOV-8540C0E368,2025-03-14 14:06:36,Stack,CNT-0032,MSCU8738745,22G1,1,Dry,Empty,3.5,Light,Land-Side,N/A,V063,VOY-2503-KOC-63,Kochi,3,2025-03-14 09:12:00,2025-03-14 09:04:00,2025-03-14 15:12:00,empty,Stack,Block,SS4-B2-03-03-3,Block,LS4-B6-11-01-3,LS4-B6,11-01,3,RTG-06,RTG,3,OP-013,JOB-F4616826,2025-03-14 13:22:00,2025-03-14 14:06:36,44,0,N/A,Yard stacking for storage,In Yard,13,Forced,Suboptimal,0,1,164,86,52.6,High
381,MOV-B90DF36357,2025-03-14 14:37:26,Yard Shift,CNT-0050,CMAU4520547,42G1,2,Dry,Empty,3.5,Light,Land-Side,N/A,V062,VOY-2503-JNPT-62,JNPT,2,2025-03-14 12:46:00,2025-03-14 12:30:00,2025-03-14 16:46:00,empty,Transfer,Block,LS4-B6-GROUND,Block,SS1-B2-12-04-4,SS1-B2,12-04,4,RTG-04,RTG,0,OP-011,JOB-5DD08A14,2025-03-14 14:37:00,2025-03-14 14:37:26,0,0,N/A,Zone optimization movement,In Yard,42,Forced,Forced,0,0,85,84.8,53.9,High
382,MOV-7A077B39B4,2025-03-14 14:43:38,Stack,CNT-0050,CMAU4520547,42G1,2,Dry,Empty,3.5,Light,Land-Side,N/A,V062,VOY-2503-JNPT-62,JNPT,2,2025-03-14 12:46:00,2025-03-14 12:55:00,2025-03-14 16:46:00,empty,Stack,Block,SS1-B2-12-04-4,Block,LS4-B6-03-03-4,LS4-B6,03-03,4,RTG-04,RTG,4,OP-015,JOB-5DD08A14,2025-03-14 14:04:00,2025-03-14 14:43:38,39,0,N/A,Yard stacking for storage,In Yard,6,Forced,Suboptimal,0,0,91,82.6,38.8,High
383,MOV-FCFB871679,2025-03-14 14:51:51,Unstack,CNT-0050,CMAU4520547,42G1,2,Dry,Empty,3.5,Light,Land-Side,N/A,V062,VOY-2503-JNPT-62,JNPT,2,2025-03-14 12:46:00,2025-03-14 13:16:00,2025-03-14 16:46:00,empty,Unstack,Block,LS4-B6-03-03-4,Yard,LS4-B6-GROUND,LS4-B6,GROUND,0,RTG-04,RTG,0,OP-012,JOB-5DD08A14,2025-03-14 14:51:00,2025-03-14 14:51:51,0,0,N/A,Retrieval for repositioning,On Ground,8,Planned,Suboptimal,0,0,99,84.5,51.4,High
384,MOV-F3BC673562,2025-03-14 15:06:37,Rehandle,CNT-0050,CMAU4520547,42G1,2,Dry,Empty,3.5,Light,Land-Side,N/A,V062,VOY-2503-JNPT-62,JNPT,2,2025-03-14 12:46:00,2025-03-14 12:29:00,2025-03-14 16:46:00,empty,Transfer,Yard,LS4-B6-GROUND,Block,LS4-B6-05-04-4,LS4-B6,05-04,4,RTG-04,RTG,0,OP-006,JOB-5DD08A14,2025-03-14 15:06:00,2025-03-14 15:06:37,0,0,N/A,Blocking container removal for access,In Yard,15,Forced,Suboptimal,1,1,114,79.9,53.4,Medium
385,MOV-057065E1C8,2025-03-14 15:12:48,Stack,CNT-0050,CMAU4520547,42G1,2,Dry,Empty,3.5,Light,Land-Side,N/A,V062,VOY-2503-JNPT-62,JNPT,2,2025-03-14 12:46:00,2025-03-14 13:30:00,2025-03-14 16:46:00,empty,Stack,Block,LS4-B6-05-04-4,Block,LS4-B6-08-07-4,LS4-B6,08-07,4,RTG-05,RTG,4,OP-019,JOB-5DD08A14,2025-03-14 15:12:00,2025-03-14 15:12:48,0,0,N/A,Yard stacking for storage,In Yard,6,Planned,Optimal,0,1,120,78.2,57.9,Medium
386,MOV-B1B515F496,2025-03-15 20:33:09,Gate Out,CNT-0009,MAEU8103580,42G0,2,Dry,Empty,4.9,Light,Land-Side,N/A,V063,VOY-2503-KOC-63,Kochi,3,2025-03-14 09:12:00,2025-03-14 08:59:00,2025-03-14 15:12:00,empty,Gate Out,Block,LS4-B6-14-01-4,Gate,GATE-6,LS4-B6,N/A,0,TT-04,internal truck,0,OP-002,JOB-A1E93A09,2025-03-15 20:33:00,2025-03-15 20:33:09,0,0,N/A,Import delivery to consignee,Exited,1921,Planned,Optimal,0,0,2059,67.2,44.5,Medium
387,MOV-1462A06E14,2025-03-18 15:07:36,Vessel Discharge,CNT-0035,OOLU8629590,42G1,2,Dry,Full,21.4,Heavy,Land-Side,N/A,V065,VOY-2503-CLB-65,Colombo,1,2025-03-18 13:15:00,2025-03-18 13:46:00,2025-03-18 18:15:00,import_container,Yard In,Vessel,V065,Yard,Land-Side,N/A,N/A,0,QC-01,QC,0,OP-008,JOB-48DFD027,2025-03-18 15:07:00,2025-03-18 15:07:36,0,0,N/A,Import discharge from Colombo service,In Transit,0,Planned,Optimal,0,0,0,70.5,36.8,Medium
388,MOV-DEF08F7A1B,2025-03-18 15:48:40,Yard In,CNT-0035,OOLU8629590,42G1,2,Dry,Full,21.4,Heavy,Land-Side,N/A,V065,VOY-2503-CLB-65,Colombo,1,2025-03-18 13:15:00,2025-03-18 13:13:00,2025-03-18 18:15:00,import_container,Yard In,Yard,Land-Side,Block,LS1-B4-04-03-1,LS1-B4,04-03,1,RTG-03,RTG,0,OP-008,JOB-48DFD027,2025-03-18 15:48:00,2025-03-18 15:48:40,0,0,N/A,Initial yard positioning,In Transit,41,Planned,Optimal,0,0,41,72.4,35.7,Medium
389,MOV-67E7CD3322,2025-03-18 15:58:04,Stack,CNT-0035,OOLU8629590,42G1,2,Dry,Full,21.4,Heavy,Land-Side,N/A,V065,VOY-2503-CLB-65,Colombo,1,2025-03-18 13:15:00,2025-03-18 13:55:00,2025-03-18 18:15:00,import_container,Stack,Block,LS1-B4-04-03-1,Block,LS3-B2-10-01-4,LS3-B2,10-01,4,RTG-03,RTG,4,OP-006,JOB-48DFD027,2025-03-18 15:00:00,2025-03-18 15:58:04,58,1,Priority uplift by shipping line - expedited handling,Priority uplift by shipping line - expedited handling,In Yard,10,Forced,Suboptimal,0,0,51,67.9,35.8,Medium
390,MOV-1AE2E92E6C,2025-03-18 16:10:43,Unstack,CNT-0035,OOLU8629590,42G1,2,Dry,Full,21.4,Heavy,Land-Side,N/A,V065,VOY-2503-CLB-65,Colombo,1,2025-03-18 13:15:00,2025-03-18 13:09:00,2025-03-18 18:15:00,import_container,Unstack,Block,LS3-B2-10-01-4,Yard,LS3-B2-GROUND,LS3-B2,GROUND,0,RTG-06,RTG,0,OP-016,JOB-48DFD027,2025-03-18 16:10:00,2025-03-18 16:10:43,0,0,N/A,Retrieval for repositioning,On Ground,12,Planned,Suboptimal,0,0,63,67.8,29.7,Medium
391,MOV-02BAB50AB2,2025-03-18 16:48:06,Yard Shift,CNT-0035,OOLU8629590,42G1,2,Dry,Full,21.4,Heavy,Land-Side,N/A,V065,VOY-2503-CLB-65,Colombo,1,2025-03-18 13:15:00,2025-03-18 13:00:00,2025-03-18 18:15:00,import_container,Transfer,Block,LS3-B2-GROUND,Block,SS2-B2-20-03-2,SS2-B2,20-03,2,RTG-03,RTG,0,OP-003,JOB-48DFD027,2025-03-18 16:48:00,2025-03-18 16:48:06,0,0,N/A,Zone optimization movement,In Yard,38,Planned,Suboptimal,0,0,101,65.9,29.9,Medium
392,MOV-62C72C587D,2025-03-18 17:03:56,Stack,CNT-0035,OOLU8629590,42G1,2,Dry,Full,21.4,Heavy,Land-Side,N/A,V065,VOY-2503-CLB-65,Colombo,1,2025-03-18 13:15:00,2025-03-18 13:58:00,2025-03-18 18:15:00,import_container,Stack,Block,SS2-B2-20-03-2,Block,LS1-B7-16-03-3,LS1-B7,16-03,3,RTG-03,RTG,3,OP-009,JOB-48DFD027,2025-03-18 17:03:00,2025-03-18 17:03:56,0,0,N/A,Yard stacking for storage,In Yard,15,Planned,Optimal,0,0,116,69.5,47,Medium
393,MOV-505DE6C655,2025-03-18 17:15:36,Unstack,CNT-0035,OOLU8629590,42G1,2,Dry,Full,21.4,Heavy,Land-Side,N/A,V065,VOY-2503-CLB-65,Colombo,1,2025-03-18 13:15:00,2025-03-18 13:01:00,2025-03-18 18:15:00,import_container,Unstack,Block,LS1-B7-16-03-3,Yard,LS1-B7-GROUND,LS1-B7,GROUND,0,RTG-03,RTG,0,OP-002,JOB-48DFD027,2025-03-18 17:15:00,2025-03-18 17:15:36,0,0,N/A,Retrieval for repositioning,On Ground,12,Planned,Suboptimal,0,0,128,63.4,38.8,Medium
394,MOV-9892B133A8,2025-03-18 17:38:44,Rehandle,CNT-0035,OOLU8629590,42G1,2,Dry,Full,21.4,Heavy,Land-Side,N/A,V065,VOY-2503-CLB-65,Colombo,1,2025-03-18 13:15:00,2025-03-18 12:46:00,2025-03-18 18:15:00,import_container,Transfer,Yard,LS1-B7-GROUND,Block,LS2-B4-04-06-4,LS2-B4,04-06,4,RTG-03,RTG,0,OP-001,JOB-48DFD027,2025-03-18 17:38:00,2025-03-18 17:38:44,0,0,N/A,Blocking container removal for access,In Yard,23,Forced,Suboptimal,1,1,151,67.4,38.8,Medium
395,MOV-4FC782D9A2,2025-03-18 17:53:39,Stack,CNT-0035,OOLU8629590,42G1,2,Dry,Full,21.4,Heavy,Land-Side,N/A,V065,VOY-2503-CLB-65,Colombo,1,2025-03-18 13:15:00,2025-03-18 13:28:00,2025-03-18 18:15:00,import_container,Stack,Block,LS2-B4-04-06-4,Block,LS3-B2-18-03-2,LS3-B2,18-03,2,RTG-03,RTG,2,OP-012,JOB-48DFD027,2025-03-18 17:53:00,2025-03-18 17:53:39,0,0,N/A,Yard stacking for storage,In Yard,15,Planned,Optimal,0,1,166,63.5,40.9,Medium
396,MOV-B514D8D0CB,2025-03-18 18:00:23,Unstack,CNT-0035,OOLU8629590,42G1,2,Dry,Full,21.4,Heavy,Land-Side,N/A,V065,VOY-2503-CLB-65,Colombo,1,2025-03-18 13:15:00,2025-03-18 13:36:00,2025-03-18 18:15:00,import_container,Unstack,Block,LS3-B2-18-03-2,Yard,LS3-B2-GROUND,LS3-B2,GROUND,0,RTG-03,RTG,0,OP-009,JOB-48DFD027,2025-03-18 18:00:00,2025-03-18 18:00:23,0,0,N/A,Retrieval for repositioning,On Ground,7,Forced,Forced,1,1,173,57,22.9,Low
397,MOV-CE0FF7A5A6,2025-03-18 18:24:12,Rehandle,CNT-0035,OOLU8629590,42G1,2,Dry,Full,21.4,Heavy,Land-Side,N/A,V065,VOY-2503-CLB-65,Colombo,1,2025-03-18 13:15:00,2025-03-18 13:03:00,2025-03-18 18:15:00,import_container,Transfer,Yard,LS3-B2-GROUND,Block,SS1-B3-08-05-4,SS1-B3,08-05,4,RTG-03,RTG,0,OP-005,JOB-48DFD027,2025-03-18 18:24:00,2025-03-18 18:24:12,0,0,N/A,Blocking container removal for access,In Yard,24,Forced,Suboptimal,1,2,197,54.4,22.9,Low
398,MOV-B5DA29FB5C,2025-03-18 18:36:03,Stack,CNT-0035,OOLU8629590,42G1,2,Dry,Full,21.4,Heavy,Land-Side,N/A,V065,VOY-2503-CLB-65,Colombo,1,2025-03-18 13:15:00,2025-03-18 13:35:00,2025-03-18 18:15:00,import_container,Stack,Block,SS1-B3-08-05-4,Block,LS3-B7-16-03-3,LS3-B7,16-03,3,RTG-03,RTG,3,OP-004,JOB-48DFD027,2025-03-18 18:36:00,2025-03-18 18:36:03,0,0,N/A,Yard stacking for storage,In Yard,12,Planned,Optimal,0,2,209,58.1,22.9,Low
399,MOV-AB943E71FA,2025-03-19 18:39:47,Gate Out,CNT-0035,OOLU8629590,42G1,2,Dry,Full,21.4,Heavy,Land-Side,N/A,V065,VOY-2503-CLB-65,Colombo,1,2025-03-18 13:15:00,2025-03-18 13:27:00,2025-03-18 18:15:00,import_container,Gate Out,Block,LS3-B7-16-03-3,Gate,GATE-2,LS3-B7,N/A,0,TT-04,internal truck,0,OP-009,JOB-48DFD027,2025-03-19 18:39:00,2025-03-19 18:39:47,0,0,N/A,Import delivery to consignee,Exited,1443,Planned,Optimal,0,2,1652,58.5,59.1,Low
400,MOV-2D40F8614A,2025-03-25 09:07:27,Gate In,CNT-0008,HLCU2209226,42G1,2,Dry,Full,28.7,Heavy,Land-Side,SB550137,V074,VOY-2503-JNPT-74,JNPT,2,2025-03-27 09:03:00,2025-03-27 08:46:00,2025-03-27 15:03:00,export_container,Gate In,Gate,GATE-6,Yard,Land-Side,N/A,N/A,0,TT-03,internal truck,0,OP-008,JOB-8E4E14B4,2025-03-25 09:07:00,2025-03-25 09:07:27,0,0,N/A,Export cargo arrival from CFS/ICD,In Transit,0,Planned,Optimal,0,0,0,73,34.4,Medium
401,MOV-7150E33968,2025-03-25 09:54:32,Yard In,CNT-0008,HLCU2209226,42G1,2,Dry,Full,28.7,Heavy,Land-Side,SB550137,V074,VOY-2503-JNPT-74,JNPT,2,2025-03-27 09:03:00,2025-03-27 09:54:00,2025-03-27 15:03:00,export_container,Yard In,Yard,Land-Side,Block,LS3-B2-11-07-2,LS3-B2,11-07,2,RTG-05,RTG,0,OP-004,JOB-8E4E14B4,2025-03-25 09:54:00,2025-03-25 09:54:32,0,0,N/A,Initial yard positioning,In Transit,47,Planned,Optimal,0,0,47,64.1,32.9,Medium
402,MOV-7D4A1D2319,2025-03-25 10:07:38,Stack,CNT-0008,HLCU2209226,42G1,2,Dry,Full,28.7,Heavy,Land-Side,SB550137,V074,VOY-2503-JNPT-74,JNPT,2,2025-03-27 09:03:00,2025-03-27 08:52:00,2025-03-27 15:03:00,export_container,Stack,Block,LS3-B2-11-07-2,Block,LS2-B2-04-02-3,LS2-B2,04-02,3,RTG-05,RTG,3,OP-003,JOB-8E4E14B4,2025-03-25 09:30:00,2025-03-25 10:07:38,37,1,Earlier POD cargo buried - excavation required,Earlier POD cargo buried - excavation required,In Yard,13,Forced,Suboptimal,0,0,60,61.2,35.1,Medium
403,MOV-F26AE50F89,2025-03-25 10:14:28,Unstack,CNT-0008,HLCU2209226,42G1,2,Dry,Full,28.7,Heavy,Land-Side,SB550137,V074,VOY-2503-JNPT-74,JNPT,2,2025-03-27 09:03:00,2025-03-27 10:00:00,2025-03-27 15:03:00,export_container,Unstack,Block,LS2-B2-04-02-3,Yard,LS2-B2-GROUND,LS2-B2,GROUND,0,RTG-05,RTG,0,OP-019,JOB-8E4E14B4,2025-03-25 10:14:00,2025-03-25 10:14:28,0,0,N/A,Retrieval for repositioning,On Ground,7,Planned,Suboptimal,0,0,67,67.7,62.2,Medium
404,MOV-6E679DA822,2025-03-25 10:49:19,Yard Shift,CNT-0008,HLCU2209226,42G1,2,Dry,Full,28.7,Heavy,Land-Side,SB550137,V074,VOY-2503-JNPT-74,JNPT,2,2025-03-27 09:03:00,2025-03-27 09:08:00,2025-03-27 15:03:00,export_container,Transfer,Block,LS2-B2-GROUND,Block,SS2-B4-03-04-4,SS2-B4,03-04,4,RTG-05,RTG,0,OP-019,JOB-8E4E14B4,2025-03-25 10:49:00,2025-03-25 10:49:19,0,0,N/A,Zone optimization movement,In Yard,35,Planned,Suboptimal,0,0,102,66.9,62.9,Medium
405,MOV-6FE1A89304,2025-03-25 10:54:24,Stack,CNT-0008,HLCU2209226,42G1,2,Dry,Full,28.7,Heavy,Land-Side,SB550137,V074,VOY-2503-JNPT-74,JNPT,2,2025-03-27 09:03:00,2025-03-27 09:32:00,2025-03-27 15:03:00,export_container,Stack,Block,SS2-B4-03-04-4,Block,LS3-B7-10-01-1,LS3-B7,10-01,1,RTG-06,RTG,1,OP-019,JOB-8E4E14B4,2025-03-25 10:54:00,2025-03-25 10:54:24,0,0,N/A,Yard stacking for storage,In Yard,5,Planned,Optimal,0,0,107,64.4,54.5,Medium
406,MOV-1EC140D519,2025-03-25 11:07:41,Unstack,CNT-0008,HLCU2209226,42G1,2,Dry,Full,28.7,Heavy,Land-Side,SB550137,V074,VOY-2503-JNPT-74,JNPT,2,2025-03-27 09:03:00,2025-03-27 08:57:00,2025-03-27 15:03:00,export_container,Unstack,Block,LS3-B7-10-01-1,Yard,LS3-B7-GROUND,LS3-B7,GROUND,0,RTG-05,RTG,0,OP-011,JOB-8E4E14B4,2025-03-25 11:07:00,2025-03-25 11:07:41,0,0,N/A,Retrieval for repositioning,On Ground,13,Planned,Suboptimal,0,0,120,64.6,73.2,Medium
407,MOV-7D37C46446,2025-03-25 11:32:28,Rehandle,CNT-0008,HLCU2209226,42G1,2,Dry,Full,28.7,Heavy,Land-Side,SB550137,V074,VOY-2503-JNPT-74,JNPT,2,2025-03-27 09:03:00,2025-03-27 09:29:00,2025-03-27 15:03:00,export_container,Transfer,Yard,LS3-B7-GROUND,Block,LS1-B5-06-01-2,LS1-B5,06-01,2,RTG-05,RTG,0,OP-017,JOB-8E4E14B4,2025-03-25 11:32:00,2025-03-25 11:32:28,0,0,N/A,Blocking container removal for access,In Yard,25,Forced,Suboptimal,1,1,145,61.4,72.2,Medium
408,MOV-CCEAD622EC,2025-03-25 11:45:35,Stack,CNT-0008,HLCU2209226,42G1,2,Dry,Full,28.7,Heavy,Land-Side,SB550137,V074,VOY-2503-JNPT-74,JNPT,2,2025-03-27 09:03:00,2025-03-27 09:59:00,2025-03-27 15:03:00,export_container,Stack,Block,LS1-B5-06-01-2,Block,LS3-B6-20-01-3,LS3-B6,20-01,3,RTG-06,RTG,3,OP-013,JOB-8E4E14B4,2025-03-25 11:45:00,2025-03-25 11:45:35,0,0,N/A,Yard stacking for storage,In Yard,13,Planned,Optimal,0,1,158,68.3,68,Medium
409,MOV-D3363A8003,2025-03-25 12:51:19,Pre-Staging,CNT-0008,HLCU2209226,42G1,2,Dry,Full,28.7,Heavy,Land-Side,SB550137,V074,VOY-2503-JNPT-74,JNPT,2,2025-03-27 09:03:00,2025-03-27 09:56:00,2025-03-27 15:03:00,export_container,Yard Out,Block,LS3-B6-20-01-3,Block,SS5-B2-11-01-2,SS5-B2,11-01,2,RTG-05,RTG,2,OP-013,JOB-8E4E14B4,2025-03-25 12:51:00,2025-03-25 12:51:19,0,0,N/A,Vessel cutoff preparation - VOY-2503-JNPT-74,In Yard,66,Planned,Optimal,0,1,224,51.3,49.3,Low
410,MOV-EC5FE13833,2025-03-25 13:10:41,Vessel Load,CNT-0008,HLCU2209226,42G1,2,Dry,Full,28.7,Heavy,Land-Side,SB550137,V074,VOY-2503-JNPT-74,JNPT,2,2025-03-27 09:03:00,2025-03-27 09:15:00,2025-03-27 15:03:00,export_container,Vessel Load,Block,SS5-B2-11-01-2,Vessel,V074,SS5-B2,N/A,0,QC-03,QC,0,OP-005,JOB-8E4E14B4,2025-03-25 13:10:00,2025-03-25 13:10:41,0,0,N/A,Loading to JNPT service,Loaded,19,Planned,Optimal,0,1,243,48.6,37.1,Low
411,MOV-9F7248BABD,2025-03-27 12:01:48,Vessel Discharge,CNT-0004,MAEU1668752,22G1,1,Dry,Full,27.1,Heavy,Land-Side,N/A,V074,VOY-2503-JNPT-74,JNPT,2,2025-03-27 09:03:00,2025-03-27 08:55:00,2025-03-27 15:03:00,import_container,Yard In,Vessel,V074,Yard,Land-Side,N/A,N/A,0,QC-01,QC,0,OP-016,JOB-5D9CA3E9,2025-03-27 12:01:00,2025-03-27 12:01:48,0,0,N/A,Import discharge from JNPT service,In Transit,0,Planned,Optimal,0,0,0,68.8,24.8,Medium
412,MOV-E15F97941F,2025-03-27 12:54:26,Yard In,CNT-0004,MAEU1668752,22G1,1,Dry,Full,27.1,Heavy,Land-Side,N/A,V074,VOY-2503-JNPT-74,JNPT,2,2025-03-27 09:03:00,2025-03-27 09:15:00,2025-03-27 15:03:00,import_container,Yard In,Yard,Land-Side,Block,LS4-B6-16-01-4,LS4-B6,16-01,4,RTG-01,RTG,0,OP-011,JOB-5D9CA3E9,2025-03-27 12:54:00,2025-03-27 12:54:26,0,0,N/A,Initial yard positioning,In Transit,53,Planned,Optimal,0,0,53,67.8,24.8,Medium
413,MOV-6008A76EE5,2025-03-27 13:09:16,Stack,CNT-0004,MAEU1668752,22G1,1,Dry,Full,27.1,Heavy,Land-Side,N/A,V074,VOY-2503-JNPT-74,JNPT,2,2025-03-27 09:03:00,2025-03-27 09:14:00,2025-03-27 15:03:00,import_container,Stack,Block,LS4-B6-16-01-4,Block,LS4-B3-13-07-1,LS4-B3,13-07,1,RTG-01,RTG,1,OP-004,JOB-5D9CA3E9,2025-03-27 13:09:00,2025-03-27 13:09:16,0,0,N/A,Yard stacking for storage,In Yard,15,Planned,Suboptimal,0,0,68,62.6,44.5,Medium
414,MOV-B70A668224,2025-03-27 13:20:29,Unstack,CNT-0004,MAEU1668752,22G1,1,Dry,Full,27.1,Heavy,Land-Side,N/A,V074,VOY-2503-JNPT-74,JNPT,2,2025-03-27 09:03:00,2025-03-27 09:25:00,2025-03-27 15:03:00,import_container,Unstack,Block,LS4-B3-13-07-1,Yard,LS4-B3-GROUND,LS4-B3,GROUND,0,RTG-01,RTG,0,OP-002,JOB-5D9CA3E9,2025-03-27 13:20:00,2025-03-27 13:20:29,0,0,N/A,Retrieval for repositioning,On Ground,11,Planned,Suboptimal,0,0,79,67.3,19.5,Medium
415,MOV-5FD8F0EF3F,2025-03-27 13:41:28,Yard Shift,CNT-0004,MAEU1668752,22G1,1,Dry,Full,27.1,Heavy,Land-Side,N/A,V074,VOY-2503-JNPT-74,JNPT,2,2025-03-27 09:03:00,2025-03-27 10:02:00,2025-03-27 15:03:00,import_container,Transfer,Block,LS4-B3-GROUND,Block,SS4-B1-07-03-2,SS4-B1,07-03,2,RTG-01,RTG,0,OP-016,JOB-5D9CA3E9,2025-03-27 13:41:00,2025-03-27 13:41:28,0,0,N/A,Zone optimization movement,In Yard,21,Planned,Suboptimal,0,0,100,67.5,19.5,Medium
416,MOV-C3433C9387,2025-03-27 13:47:53,Stack,CNT-0004,MAEU1668752,22G1,1,Dry,Full,27.1,Heavy,Land-Side,N/A,V074,VOY-2503-JNPT-74,JNPT,2,2025-03-27 09:03:00,2025-03-27 08:47:00,2025-03-27 15:03:00,import_container,Stack,Block,SS4-B1-07-03-2,Block,LS2-B3-18-01-4,LS2-B3,18-01,4,RTG-02,RTG,4,OP-015,JOB-5D9CA3E9,2025-03-27 13:47:00,2025-03-27 13:47:53,0,0,N/A,Yard stacking for storage,In Yard,6,Planned,Optimal,0,0,106,66.9,59.1,Medium
417,MOV-79E9E96142,2025-03-28 09:28:30,Gate Out,CNT-0004,MAEU1668752,22G1,1,Dry,Full,27.1,Heavy,Land-Side,N/A,V074,VOY-2503-JNPT-74,JNPT,2,2025-03-27 09:03:00,2025-03-27 09:04:00,2025-03-27 15:03:00,import_container,Gate Out,Block,LS2-B3-18-01-4,Gate,GATE-5,LS2-B3,N/A,0,TT-01,internal truck,0,OP-015,JOB-5D9CA3E9,2025-03-28 09:28:00,2025-03-28 09:28:30,0,0,N/A,Import delivery to consignee,Exited,1181,Planned,Optimal,0,0,1287,84.1,48.1,High
418,MOV-4EEB9EFF22,2025-03-29 06:54:26,Gate In,CNT-0007,MAEU3117143,22G0,1,Dry,Full,15.4,Medium,Sea-Side,SB551096,V078,VOY-2504-JNPT-78,JNPT,2,2025-04-01 08:04:00,2025-04-01 08:17:00,2025-04-01 12:04:00,export_container,Gate In,Gate,GATE-8,Yard,Sea-Side,N/A,N/A,0,TT-02,internal truck,0,OP-015,JOB-79E9D731,2025-03-29 06:54:00,2025-03-29 06:54:26,0,0,N/A,Export cargo arrival from CFS/ICD,In Transit,0,Planned,Optimal,0,0,0,72.4,24.8,Medium
419,MOV-52C3FAFE31,2025-03-29 07:39:05,Yard In,CNT-0007,MAEU3117143,22G0,1,Dry,Full,15.4,Medium,Sea-Side,SB551096,V078,VOY-2504-JNPT-78,JNPT,2,2025-04-01 08:04:00,2025-04-01 07:44:00,2025-04-01 12:04:00,export_container,Yard In,Yard,Sea-Side,Block,SS3-B3-05-06-4,SS3-B3,05-06,4,RTG-03,RTG,0,OP-003,JOB-79E9D731,2025-03-29 07:39:00,2025-03-29 07:39:05,0,0,N/A,Initial yard positioning,In Transit,45,Planned,Optimal,0,0,45,68.1,24.8,Medium
420,MOV-93AD3240B3,2025-03-29 07:50:22,Stack,CNT-0007,MAEU3117143,22G0,1,Dry,Full,15.4,Medium,Sea-Side,SB551096,V078,VOY-2504-JNPT-78,JNPT,2,2025-04-01 08:04:00,2025-04-01 08:59:00,2025-04-01 12:04:00,export_container,Stack,Block,SS3-B3-05-06-4,Block,SS5-B1-19-05-3,SS5-B1,19-05,3,RTG-03,RTG,3,OP-014,JOB-79E9D731,2025-03-29 07:50:00,2025-03-29 07:50:22,0,0,N/A,Yard stacking for storage,In Yard,11,Planned,Optimal,0,0,56,71.4,40.9,Medium
421,MOV-A1DCF5FDA0,2025-03-29 07:55:32,Unstack,CNT-0007,MAEU3117143,22G0,1,Dry,Full,15.4,Medium,Sea-Side,SB551096,V078,VOY-2504-JNPT-78,JNPT,2,2025-04-01 08:04:00,2025-04-01 08:01:00,2025-04-01 12:04:00,export_container,Unstack,Block,SS5-B1-19-05-3,Yard,SS5-B1-GROUND,SS5-B1,GROUND,0,RTG-04,RTG,0,OP-005,JOB-79E9D731,2025-03-29 07:55:00,2025-03-29 07:55:32,0,0,N/A,Retrieval for repositioning,On Ground,5,Planned,Suboptimal,0,0,61,74.1,46.8,Medium
422,MOV-88DA62B285,2025-03-29 08:31:52,Yard Shift,CNT-0007,MAEU3117143,22G0,1,Dry,Full,15.4,Medium,Sea-Side,SB551096,V078,VOY-2504-JNPT-78,JNPT,2,2025-04-01 08:04:00,2025-04-01 08:53:00,2025-04-01 12:04:00,export_container,Transfer,Block,SS5-B1-GROUND,Block,SS1-B3-19-02-4,SS1-B3,19-02,4,RTG-03,RTG,0,OP-020,JOB-79E9D731,2025-03-29 08:31:00,2025-03-29 08:31:52,0,0,N/A,Zone optimization movement,In Yard,36,Forced,Forced,0,0,97,80.3,57.3,High
423,MOV-8AA4D12B19,2025-03-29 08:46:55,Stack,CNT-0007,MAEU3117143,22G0,1,Dry,Full,15.4,Medium,Sea-Side,SB551096,V078,VOY-2504-JNPT-78,JNPT,2,2025-04-01 08:04:00,2025-04-01 07:52:00,2025-04-01 12:04:00,export_container,Stack,Block,SS1-B3-19-02-4,Block,SS3-B1-06-03-3,SS3-B1,06-03,3,RTG-03,RTG,3,OP-019,JOB-79E9D731,2025-03-29 08:25:00,2025-03-29 08:46:55,21,0,N/A,Yard stacking for storage,In Yard,15,Forced,Suboptimal,0,0,112,81.3,44,High
424,MOV-083F6535CB,2025-03-29 09:01:33,Unstack,CNT-0007,MAEU3117143,22G0,1,Dry,Full,15.4,Medium,Sea-Side,SB551096,V078,VOY-2504-JNPT-78,JNPT,2,2025-04-01 08:04:00,2025-04-01 08:01:00,2025-04-01 12:04:00,export_container,Unstack,Block,SS3-B1-06-03-3,Yard,SS3-B1-GROUND,SS3-B1,GROUND,0,RTG-03,RTG,0,OP-013,JOB-79E9D731,2025-03-29 09:01:00,2025-03-29 09:01:33,0,0,N/A,Retrieval for repositioning,On Ground,15,Planned,Suboptimal,0,0,127,77.7,62.1,Medium
425,MOV-306ECBE10A,2025-03-29 09:29:48,Yard Shift,CNT-0007,MAEU3117143,22G0,1,Dry,Full,15.4,Medium,Sea-Side,SB551096,V078,VOY-2504-JNPT-78,JNPT,2,2025-04-01 08:04:00,2025-04-01 08:53:00,2025-04-01 12:04:00,export_container,Transfer,Block,SS3-B1-GROUND,Block,SS5-B5-03-01-2,SS5-B5,03-01,2,RTG-03,RTG,0,OP-002,JOB-79E9D731,2025-03-29 09:29:00,2025-03-29 09:29:48,0,0,N/A,Zone optimization movement,In Yard,28,Planned,Suboptimal,0,0,155,76.4,65,Medium
426,MOV-C8BC8A0C9F,2025-03-29 09:44:18,Stack,CNT-0007,MAEU3117143,22G0,1,Dry,Full,15.4,Medium,Sea-Side,SB551096,V078,VOY-2504-JNPT-78,JNPT,2,2025-04-01 08:04:00,2025-04-01 09:00:00,2025-04-01 12:04:00,export_container,Stack,Block,SS5-B5-03-01-2,Block,SS4-B3-07-07-1,SS4-B3,07-07,1,RTG-03,RTG,1,OP-019,JOB-79E9D731,2025-03-29 09:44:00,2025-03-29 09:44:18,0,0,N/A,Yard stacking for storage,In Yard,15,Planned,Optimal,0,0,170,74.7,30.9,Medium
427,MOV-5C6F87B05C,2025-03-29 10:46:17,Gate In,CNT-0012,COSU5990112,42G0,2,Dry,Full,12.9,Medium,Sea-Side,SB250647,V078,VOY-2504-JNPT-78,JNPT,2,2025-04-01 08:04:00,2025-04-01 08:31:00,2025-04-01 12:04:00,export_container,Gate In,Gate,GATE-8,Yard,Sea-Side,N/A,N/A,0,TT-02,internal truck,0,OP-008,JOB-C126E3E2,2025-03-29 10:46:00,2025-03-29 10:46:17,0,0,N/A,Export cargo arrival from CFS/ICD,In Transit,0,Planned,Optimal,0,0,0,75.7,33,Medium
428,MOV-B4273F5DB5,2025-03-29 11:15:48,Yard In,CNT-0012,COSU5990112,42G0,2,Dry,Full,12.9,Medium,Sea-Side,SB250647,V078,VOY-2504-JNPT-78,JNPT,2,2025-04-01 08:04:00,2025-04-01 07:54:00,2025-04-01 12:04:00,export_container,Yard In,Yard,Sea-Side,Block,SS2-B2-11-05-3,SS2-B2,11-05,3,RTG-04,RTG,0,OP-016,JOB-C126E3E2,2025-03-29 11:15:00,2025-03-29 11:15:48,0,0,N/A,Initial yard positioning,In Transit,29,Planned,Optimal,0,0,29,73.9,36,Medium
429,MOV-50AC1C1DE2,2025-03-29 11:16:08,Pre-Staging,CNT-0007,MAEU3117143,22G0,1,Dry,Full,15.4,Medium,Sea-Side,SB551096,V078,VOY-2504-JNPT-78,JNPT,2,2025-04-01 08:04:00,2025-04-01 08:06:00,2025-04-01 12:04:00,export_container,Yard Out,Block,SS4-B3-07-07-1,Block,SS1-B1-07-03-2,SS1-B1,07-03,2,RTG-03,RTG,2,OP-010,JOB-79E9D731,2025-03-29 11:16:00,2025-03-29 11:16:08,0,0,N/A,Vessel cutoff preparation - VOY-2504-JNPT-78,In Yard,92,Planned,Optimal,0,0,262,77.3,71.3,Medium
430,MOV-B8D3B0F80A,2025-03-29 11:28:18,Stack,CNT-0012,COSU5990112,42G0,2,Dry,Full,12.9,Medium,Sea-Side,SB250647,V078,VOY-2504-JNPT-78,JNPT,2,2025-04-01 08:04:00,2025-04-01 08:37:00,2025-04-01 12:04:00,export_container,Stack,Block,SS2-B2-11-05-3,Block,SS4-B5-15-02-2,SS4-B5,15-02,2,RTG-04,RTG,2,OP-020,JOB-C126E3E2,2025-03-29 11:15:00,2025-03-29 11:28:18,13,0,N/A,Yard stacking for storage,In Yard,13,Forced,Suboptimal,0,0,42,81.2,39.3,High
431,MOV-591A39E9BD,2025-03-29 11:41:45,Vessel Load,CNT-0007,MAEU3117143,22G0,1,Dry,Full,15.4,Medium,Sea-Side,SB551096,V078,VOY-2504-JNPT-78,JNPT,2,2025-04-01 08:04:00,2025-04-01 08:03:00,2025-04-01 12:04:00,export_container,Vessel Load,Block,SS1-B1-07-03-2,Vessel,V078,SS1-B1,N/A,0,QC-02,QC,0,OP-017,JOB-79E9D731,2025-03-29 11:41:00,2025-03-29 11:41:45,0,0,N/A,Loading to JNPT service,Loaded,25,Planned,Optimal,0,0,287,75.4,31.1,Medium
432,MOV-6F595BDDB6,2025-03-29 11:43:56,Unstack,CNT-0012,COSU5990112,42G0,2,Dry,Full,12.9,Medium,Sea-Side,SB250647,V078,VOY-2504-JNPT-78,JNPT,2,2025-04-01 08:04:00,2025-04-01 08:07:00,2025-04-01 12:04:00,export_container,Unstack,Block,SS4-B5-15-02-2,Yard,SS4-B5-GROUND,SS4-B5,GROUND,0,RTG-03,RTG,0,OP-012,JOB-C126E3E2,2025-03-29 11:43:00,2025-03-29 11:43:56,0,0,N/A,Retrieval for repositioning,On Ground,15,Planned,Suboptimal,0,0,57,77.4,28,Medium
433,MOV-79680BAAFC,2025-03-29 12:22:24,Yard Shift,CNT-0012,COSU5990112,42G0,2,Dry,Full,12.9,Medium,Sea-Side,SB250647,V078,VOY-2504-JNPT-78,JNPT,2,2025-04-01 08:04:00,2025-04-01 08:38:00,2025-04-01 12:04:00,export_container,Transfer,Block,SS4-B5-GROUND,Block,SS5-B2-12-05-3,SS5-B2,12-05,3,RTG-03,RTG,0,OP-015,JOB-C126E3E2,2025-03-29 12:22:00,2025-03-29 12:22:24,0,0,N/A,Zone optimization movement,In Yard,39,Planned,Suboptimal,0,0,96,61.7,22,Medium
434,MOV-3BB9447F18,2025-03-29 12:35:35,Stack,CNT-0012,COSU5990112,42G0,2,Dry,Full,12.9,Medium,Sea-Side,SB250647,V078,VOY-2504-JNPT-78,JNPT,2,2025-04-01 08:04:00,2025-04-01 08:20:00,2025-04-01 12:04:00,export_container,Stack,Block,SS5-B2-12-05-3,Block,SS1-B2-04-04-3,SS1-B2,04-04,3,RTG-03,RTG,3,OP-005,JOB-C126E3E2,2025-03-29 12:35:00,2025-03-29 12:35:35,0,0,N/A,Yard stacking for storage,In Yard,13,Planned,Optimal,0,0,109,69.6,37.1,Medium
435,MOV-47D1216C6C,2025-03-29 13:30:29,Pre-Staging,CNT-0012,COSU5990112,42G0,2,Dry,Full,12.9,Medium,Sea-Side,SB250647,V078,VOY-2504-JNPT-78,JNPT,2,2025-04-01 08:04:00,2025-04-01 07:53:00,2025-04-01 12:04:00,export_container,Yard Out,Block,SS1-B2-04-04-3,Block,SS1-B2-11-07-4,SS1-B2,11-07,4,RTG-03,RTG,4,OP-020,JOB-C126E3E2,2025-03-29 13:30:00,2025-03-29 13:30:29,0,0,N/A,Vessel cutoff preparation - VOY-2504-JNPT-78,In Yard,55,Planned,Optimal,0,0,164,64.4,30.2,Medium
436,MOV-59A8872826,2025-03-29 14:13:19,Vessel Load,CNT-0012,COSU5990112,42G0,2,Dry,Full,12.9,Medium,Sea-Side,SB250647,V078,VOY-2504-JNPT-78,JNPT,2,2025-04-01 08:04:00,2025-04-01 08:49:00,2025-04-01 12:04:00,export_container,Vessel Load,Block,SS1-B2-11-07-4,Vessel,V078,SS1-B2,N/A,0,QC-02,QC,0,OP-011,JOB-C126E3E2,2025-03-29 14:13:00,2025-03-29 14:13:19,0,0,N/A,Loading to JNPT service,Loaded,43,Planned,Optimal,0,0,207,84.6,36.8,High
437,MOV-F52ABC8E9C,2025-04-01 12:30:14,Vessel Discharge,CNT-0028,OOLU8653898,22G0,1,Dry,Full,12.6,Medium,Land-Side,N/A,V080,VOY-2504-MUN-80,Mundra,4,2025-04-01 09:37:00,2025-04-01 09:07:00,2025-04-01 13:37:00,import_container,Yard In,Vessel,V080,Yard,Land-Side,N/A,N/A,0,QC-01,QC,0,OP-011,JOB-257B5B06,2025-04-01 12:30:00,2025-04-01 12:30:14,0,0,N/A,Import discharge from Mundra service,In Transit,0,Planned,Optimal,0,0,0,58.9,24.8,Low
438,MOV-F4106174FB,2025-04-01 13:12:47,Yard In,CNT-0028,OOLU8653898,22G0,1,Dry,Full,12.6,Medium,Land-Side,N/A,V080,VOY-2504-MUN-80,Mundra,4,2025-04-01 09:37:00,2025-04-01 09:59:00,2025-04-01 13:37:00,import_container,Yard In,Yard,Land-Side,Block,LS1-B1-06-04-2,LS1-B1,06-04,2,RTG-02,RTG,0,OP-004,JOB-257B5B06,2025-04-01 13:12:00,2025-04-01 13:12:47,0,0,N/A,Initial yard positioning,In Transit,42,Planned,Optimal,0,0,42,58.3,24.8,Low
439,MOV-3C7F16D736,2025-04-01 13:21:02,Stack,CNT-0028,OOLU8653898,22G0,1,Dry,Full,12.6,Medium,Land-Side,N/A,V080,VOY-2504-MUN-80,Mundra,4,2025-04-01 09:37:00,2025-04-01 10:28:00,2025-04-01 13:37:00,import_container,Stack,Block,LS1-B1-06-04-2,Block,LS4-B7-07-06-3,LS4-B7,07-06,3,RTG-03,RTG,3,OP-019,JOB-257B5B06,2025-04-01 13:21:00,2025-04-01 13:21:02,0,0,N/A,Yard stacking for storage,In Yard,9,Planned,Optimal,0,0,51,63.5,17.9,Medium
440,MOV-9016593AF7,2025-04-01 13:27:31,Unstack,CNT-0028,OOLU8653898,22G0,1,Dry,Full,12.6,Medium,Land-Side,N/A,V080,VOY-2504-MUN-80,Mundra,4,2025-04-01 09:37:00,2025-04-01 09:07:00,2025-04-01 13:37:00,import_container,Unstack,Block,LS4-B7-07-06-3,Yard,LS4-B7-GROUND,LS4-B7,GROUND,0,RTG-02,RTG,0,OP-017,JOB-257B5B06,2025-04-01 13:27:00,2025-04-01 13:27:31,0,0,N/A,Retrieval for repositioning,On Ground,6,Planned,Suboptimal,0,0,57,65,43,Medium
441,MOV-0C015F2768,2025-04-01 14:05:24,Yard Shift,CNT-0028,OOLU8653898,22G0,1,Dry,Full,12.6,Medium,Land-Side,N/A,V080,VOY-2504-MUN-80,Mundra,4,2025-04-01 09:37:00,2025-04-01 10:31:00,2025-04-01 13:37:00,import_container,Transfer,Block,LS4-B7-GROUND,Block,SS2-B5-06-06-2,SS2-B5,06-06,2,RTG-02,RTG,0,OP-020,JOB-257B5B06,2025-04-01 14:05:00,2025-04-01 14:05:24,0,0,N/A,Zone optimization movement,In Yard,38,Planned,Suboptimal,0,0,95,72.2,53.1,Medium
442,MOV-605775B81D,2025-04-01 14:19:08,Stack,CNT-0028,OOLU8653898,22G0,1,Dry,Full,12.6,Medium,Land-Side,N/A,V080,VOY-2504-MUN-80,Mundra,4,2025-04-01 09:37:00,2025-04-01 09:59:00,2025-04-01 13:37:00,import_container,Stack,Block,SS2-B5-06-06-2,Block,LS2-B3-13-03-3,LS2-B3,13-03,3,RTG-02,RTG,3,OP-020,JOB-257B5B06,2025-04-01 14:19:00,2025-04-01 14:19:08,0,0,N/A,Yard stacking for storage,In Yard,14,Forced,Suboptimal,0,0,109,83.4,60.9,High
443,MOV-03E1964C47,2025-04-04 11:38:13,Gate Out,CNT-0028,OOLU8653898,22G0,1,Dry,Full,12.6,Medium,Land-Side,N/A,V080,VOY-2504-MUN-80,Mundra,4,2025-04-01 09:37:00,2025-04-01 10:26:00,2025-04-01 13:37:00,import_container,Gate Out,Block,LS2-B3-13-03-3,Gate,GATE-4,LS2-B3,N/A,0,TT-03,internal truck,0,OP-010,JOB-257B5B06,2025-04-04 11:38:00,2025-04-04 11:38:13,0,0,N/A,Import delivery to consignee,Exited,4159,Planned,Optimal,0,0,4268,75.6,46.2,Medium
444,MOV-32D0E773CB,2025-04-05 13:29:16,Gate In,CNT-0014,EGLV1628578,42G0,2,Dry,Full,18.9,Medium,Sea-Side,SB669691,V083,VOY-2504-KOC-83,Kochi,3,2025-04-06 11:15:00,2025-04-06 11:08:00,2025-04-06 16:15:00,export_container,Gate In,Gate,GATE-8,Yard,Sea-Side,N/A,N/A,0,TT-02,internal truck,0,OP-001,JOB-B0327007,2025-04-05 13:29:00,2025-04-05 13:29:16,0,0,N/A,Export cargo arrival from CFS/ICD,In Transit,0,Planned,Optimal,0,0,0,55.2,24.8,Low
445,MOV-F2B215A099,2025-04-05 14:10:20,Yard In,CNT-0014,EGLV1628578,42G0,2,Dry,Full,18.9,Medium,Sea-Side,SB669691,V083,VOY-2504-KOC-83,Kochi,3,2025-04-06 11:15:00,2025-04-06 10:56:00,2025-04-06 16:15:00,export_container,Yard In,Yard,Sea-Side,Block,SS2-B5-13-07-4,SS2-B5,13-07,4,RTG-03,RTG,0,OP-013,JOB-B0327007,2025-04-05 14:10:00,2025-04-05 14:10:20,0,0,N/A,Initial yard positioning,In Transit,41,Planned,Optimal,0,0,41,80,37.4,Medium
446,MOV-580144663C,2025-04-05 14:25:21,Stack,CNT-0014,EGLV1628578,42G0,2,Dry,Full,18.9,Medium,Sea-Side,SB669691,V083,VOY-2504-KOC-83,Kochi,3,2025-04-06 11:15:00,2025-04-06 11:23:00,2025-04-06 16:15:00,export_container,Stack,Block,SS2-B5-13-07-4,Block,SS2-B1-09-04-2,SS2-B1,09-04,2,RTG-03,RTG,2,OP-019,JOB-B0327007,2025-04-05 14:25:00,2025-04-05 14:25:21,0,0,N/A,Yard stacking for storage,In Yard,15,Planned,Optimal,0,0,56,75.5,56.6,Medium
447,MOV-918359E115,2025-04-05 14:39:42,Unstack,CNT-0014,EGLV1628578,42G0,2,Dry,Full,18.9,Medium,Sea-Side,SB669691,V083,VOY-2504-KOC-83,Kochi,3,2025-04-06 11:15:00,2025-04-06 11:00:00,2025-04-06 16:15:00,export_container,Unstack,Block,SS2-B1-09-04-2,Yard,SS2-B1-GROUND,SS2-B1,GROUND,0,RTG-03,RTG,0,OP-015,JOB-B0327007,2025-04-05 14:39:00,2025-04-05 14:39:42,0,0,N/A,Retrieval for repositioning,On Ground,14,Planned,Suboptimal,0,0,70,72.7,62.5,Medium
448,MOV-04F2E8320A,2025-04-05 15:03:08,Yard Shift,CNT-0014,EGLV1628578,42G0,2,Dry,Full,18.9,Medium,Sea-Side,SB669691,V083,VOY-2504-KOC-83,Kochi,3,2025-04-06 11:15:00,2025-04-06 11:46:00,2025-04-06 16:15:00,export_container,Transfer,Block,SS2-B1-GROUND,Block,SS3-B1-10-03-2,SS3-B1,10-03,2,RTG-03,RTG,0,OP-005,JOB-B0327007,2025-04-05 15:03:00,2025-04-05 15:03:08,0,0,N/A,Zone optimization movement,In Yard,24,Planned,Suboptimal,0,0,94,74.4,64.8,Medium
449,MOV-E607BB1145,2025-04-05 15:15:48,Stack,CNT-0014,EGLV1628578,42G0,2,Dry,Full,18.9,Medium,Sea-Side,SB669691,V083,VOY-2504-KOC-83,Kochi,3,2025-04-06 11:15:00,2025-04-06 12:01:00,2025-04-06 16:15:00,export_container,Stack,Block,SS3-B1-10-03-2,Block,SS5-B4-18-07-2,SS5-B4,18-07,2,RTG-03,RTG,2,OP-003,JOB-B0327007,2025-04-05 15:15:00,2025-04-05 15:15:48,0,0,N/A,Yard stacking for storage,In Yard,12,Planned,Optimal,0,0,106,79.8,65.9,Medium
450,MOV-3861C194C7,2025-04-05 15:28:07,Unstack,CNT-0014,EGLV1628578,42G0,2,Dry,Full,18.9,Medium,Sea-Side,SB669691,V083,VOY-2504-KOC-83,Kochi,3,2025-04-06 11:15:00,2025-04-06 10:52:00,2025-04-06 16:15:00,export_container,Unstack,Block,SS5-B4-18-07-2,Yard,SS5-B4-GROUND,SS5-B4,GROUND,0,RTG-04,RTG,0,OP-018,JOB-B0327007,2025-04-05 15:28:00,2025-04-05 15:28:07,0,0,N/A,Retrieval for repositioning,On Ground,13,Planned,Suboptimal,0,0,119,77.4,36.1,Medium
451,MOV-8D207A56BB,2025-04-05 15:44:37,Rehandle,CNT-0014,EGLV1628578,42G0,2,Dry,Full,18.9,Medium,Sea-Side,SB669691,V083,VOY-2504-KOC-83,Kochi,3,2025-04-06 11:15:00,2025-04-06 11:47:00,2025-04-06 16:15:00,export_container,Transfer,Yard,SS5-B4-GROUND,Block,SS5-B4-04-06-2,SS5-B4,04-06,2,RTG-03,RTG,0,OP-003,JOB-B0327007,2025-04-05 15:44:00,2025-04-05 15:44:37,0,0,N/A,Blocking container removal for access,In Yard,16,Forced,Suboptimal,1,1,135,75.3,38.6,Medium
452,MOV-C7B29CB5E9,2025-04-05 15:57:46,Stack,CNT-0014,EGLV1628578,42G0,2,Dry,Full,18.9,Medium,Sea-Side,SB669691,V083,VOY-2504-KOC-83,Kochi,3,2025-04-06 11:15:00,2025-04-06 10:47:00,2025-04-06 16:15:00,export_container,Stack,Block,SS5-B4-04-06-2,Block,SS4-B4-19-01-4,SS4-B4,19-01,4,RTG-04,RTG,4,OP-013,JOB-B0327007,2025-04-05 15:57:00,2025-04-05 15:57:46,0,0,N/A,Yard stacking for storage,In Yard,13,Planned,Optimal,0,1,148,73.5,36.7,Medium
453,MOV-26004BAB0B,2025-04-05 16:50:02,Gate In,CNT-0016,COSU5122665,22G0,1,Dry,Full,27.2,Heavy,Sea-Side,SB875520,V083,VOY-2504-KOC-83,Kochi,3,2025-04-06 11:15:00,2025-04-06 10:54:00,2025-04-06 16:15:00,export_container,Gate In,Gate,GATE-1,Yard,Sea-Side,N/A,N/A,0,TT-02,internal truck,0,OP-002,JOB-CA11A7E3,2025-04-05 16:50:00,2025-04-05 16:50:02,0,0,N/A,Export cargo arrival from CFS/ICD,In Transit,0,Planned,Optimal,0,0,0,78.8,39,Medium
454,MOV-30011E3836,2025-04-05 16:59:59,Pre-Staging,CNT-0014,EGLV1628578,42G0,2,Dry,Full,18.9,Medium,Sea-Side,SB669691,V083,VOY-2504-KOC-83,Kochi,3,2025-04-06 11:15:00,2025-04-06 10:53:00,2025-04-06 16:15:00,export_container,Yard Out,Block,SS4-B4-19-01-4,Block,SS1-B4-12-06-1,SS1-B4,12-06,1,RTG-03,RTG,1,OP-016,JOB-B0327007,2025-04-05 16:59:00,2025-04-05 16:59:59,0,0,N/A,Vessel cutoff preparation - VOY-2504-KOC-83,In Yard,62,Planned,Optimal,0,1,210,81.3,31,High
455,MOV-1574F02C56,2025-04-05 17:10:03,Yard In,CNT-0016,COSU5122665,22G0,1,Dry,Full,27.2,Heavy,Sea-Side,SB875520,V083,VOY-2504-KOC-83,Kochi,3,2025-04-06 11:15:00,2025-04-06 12:04:00,2025-04-06 16:15:00,export_container,Yard In,Yard,Sea-Side,Block,SS2-B1-07-05-4,SS2-B1,07-05,4,RTG-03,RTG,0,OP-020,JOB-CA11A7E3,2025-04-05 17:10:00,2025-04-05 17:10:03,0,0,N/A,Initial yard positioning,In Transit,20,Planned,Optimal,0,0,20,77.8,32.1,Medium
456,MOV-0B5E1FAD41,2025-04-05 17:15:46,Vessel Load,CNT-0014,EGLV1628578,42G0,2,Dry,Full,18.9,Medium,Sea-Side,SB669691,V083,VOY-2504-KOC-83,Kochi,3,2025-04-06 11:15:00,2025-04-06 12:07:00,2025-04-06 16:15:00,export_container,Vessel Load,Block,SS1-B4-12-06-1,Vessel,V083,SS1-B4,N/A,0,QC-02,QC,0,OP-014,JOB-B0327007,2025-04-05 17:15:00,2025-04-05 17:15:46,0,0,N/A,Loading to Kochi service,Loaded,16,Planned,Optimal,0,1,226,72.6,51.7,Medium
457,MOV-C78CF5CFAE,2025-04-05 17:22:01,Stack,CNT-0016,COSU5122665,22G0,1,Dry,Full,27.2,Heavy,Sea-Side,SB875520,V083,VOY-2504-KOC-83,Kochi,3,2025-04-06 11:15:00,2025-04-06 11:49:00,2025-04-06 16:15:00,export_container,Stack,Block,SS2-B1-07-05-4,Block,SS4-B1-01-05-3,SS4-B1,01-05,3,RTG-03,RTG,3,OP-014,JOB-CA11A7E3,2025-04-05 17:22:00,2025-04-05 17:22:01,0,0,N/A,Yard stacking for storage,In Yard,12,Planned,Optimal,0,0,32,75.4,60.9,Medium
458,MOV-7053A46074,2025-04-05 17:29:39,Unstack,CNT-0016,COSU5122665,22G0,1,Dry,Full,27.2,Heavy,Sea-Side,SB875520,V083,VOY-2504-KOC-83,Kochi,3,2025-04-06 11:15:00,2025-04-06 11:52:00,2025-04-06 16:15:00,export_container,Unstack,Block,SS4-B1-01-05-3,Yard,SS4-B1-GROUND,SS4-B1,GROUND,0,RTG-04,RTG,0,OP-009,JOB-CA11A7E3,2025-04-05 17:29:00,2025-04-05 17:29:39,0,0,N/A,Retrieval for repositioning,On Ground,7,Planned,Suboptimal,0,0,39,70.3,65.6,Medium
459,MOV-B4C341E8CD,2025-04-05 18:10:14,Yard Shift,CNT-0016,COSU5122665,22G0,1,Dry,Full,27.2,Heavy,Sea-Side,SB875520,V083,VOY-2504-KOC-83,Kochi,3,2025-04-06 11:15:00,2025-04-06 11:23:00,2025-04-06 16:15:00,export_container,Transfer,Block,SS4-B1-GROUND,Block,SS1-B3-13-04-2,SS1-B3,13-04,2,RTG-03,RTG,0,OP-003,JOB-CA11A7E3,2025-04-05 18:10:00,2025-04-05 18:10:14,0,0,N/A,Zone optimization movement,In Yard,41,Planned,Suboptimal,0,0,80,63.9,59.1,Medium
460,MOV-AB3B52AE7A,2025-04-05 18:25:40,Stack,CNT-0016,COSU5122665,22G0,1,Dry,Full,27.2,Heavy,Sea-Side,SB875520,V083,VOY-2504-KOC-83,Kochi,3,2025-04-06 11:15:00,2025-04-06 10:46:00,2025-04-06 16:15:00,export_container,Stack,Block,SS1-B3-13-04-2,Block,SS1-B1-13-04-4,SS1-B1,13-04,4,RTG-03,RTG,4,OP-006,JOB-CA11A7E3,2025-04-05 18:25:00,2025-04-05 18:25:40,0,0,N/A,Yard stacking for storage,In Yard,15,Planned,Optimal,0,0,95,67.5,30.7,Medium
461,MOV-ACCD8D66FA,2025-04-05 18:31:21,Unstack,CNT-0016,COSU5122665,22G0,1,Dry,Full,27.2,Heavy,Sea-Side,SB875520,V083,VOY-2504-KOC-83,Kochi,3,2025-04-06 11:15:00,2025-04-06 11:57:00,2025-04-06 16:15:00,export_container,Unstack,Block,SS1-B1-13-04-4,Yard,SS1-B1-GROUND,SS1-B1,GROUND,0,RTG-04,RTG,0,OP-004,JOB-CA11A7E3,2025-04-05 18:31:00,2025-04-05 18:31:21,0,0,N/A,Retrieval for repositioning,On Ground,6,Planned,Suboptimal,0,0,101,62.8,24.8,Medium
462,MOV-7E9F0FADAF,2025-04-05 18:42:59,Rehandle,CNT-0016,COSU5122665,22G0,1,Dry,Full,27.2,Heavy,Sea-Side,SB875520,V083,VOY-2504-KOC-83,Kochi,3,2025-04-06 11:15:00,2025-04-06 11:20:00,2025-04-06 16:15:00,export_container,Transfer,Yard,SS1-B1-GROUND,Block,SS5-B4-09-01-1,SS5-B4,09-01,1,RTG-03,RTG,0,OP-018,JOB-CA11A7E3,2025-04-05 18:42:00,2025-04-05 18:42:59,0,0,N/A,Blocking container removal for access,In Yard,11,Forced,Suboptimal,1,1,112,63.7,24.8,Medium
463,MOV-D1441B2A8B,2025-04-05 18:56:52,Stack,CNT-0016,COSU5122665,22G0,1,Dry,Full,27.2,Heavy,Sea-Side,SB875520,V083,VOY-2504-KOC-83,Kochi,3,2025-04-06 11:15:00,2025-04-06 11:35:00,2025-04-06 16:15:00,export_container,Stack,Block,SS5-B4-09-01-1,Block,SS3-B1-07-05-2,SS3-B1,07-05,2,RTG-03,RTG,2,OP-003,JOB-CA11A7E3,2025-04-05 18:56:00,2025-04-05 18:56:52,0,0,N/A,Yard stacking for storage,In Yard,14,Planned,Optimal,0,1,126,62.3,24.8,Medium
464,MOV-F72CB4E0A3,2025-04-05 20:04:44,Pre-Staging,CNT-0016,COSU5122665,22G0,1,Dry,Full,27.2,Heavy,Sea-Side,SB875520,V083,VOY-2504-KOC-83,Kochi,3,2025-04-06 11:15:00,2025-04-06 10:55:00,2025-04-06 16:15:00,export_container,Yard Out,Block,SS3-B1-07-05-2,Block,SS4-B5-11-04-2,SS4-B5,11-04,2,RTG-03,RTG,2,OP-017,JOB-CA11A7E3,2025-04-05 20:04:00,2025-04-05 20:04:44,0,0,N/A,Vessel cutoff preparation - VOY-2504-KOC-83,In Yard,68,Planned,Optimal,0,1,194,59.2,56.8,Low
465,MOV-5F51DEEDE8,2025-04-05 20:42:14,Vessel Load,CNT-0016,COSU5122665,22G0,1,Dry,Full,27.2,Heavy,Sea-Side,SB875520,V083,VOY-2504-KOC-83,Kochi,3,2025-04-06 11:15:00,2025-04-06 10:54:00,2025-04-06 16:15:00,export_container,Vessel Load,Block,SS4-B5-11-04-2,Vessel,V083,SS4-B5,N/A,0,QC-02,QC,0,OP-011,JOB-CA11A7E3,2025-04-05 20:42:00,2025-04-05 20:42:14,0,0,N/A,Loading to Kochi service,Loaded,38,Planned,Optimal,0,1,232,63.8,22,Medium
466,MOV-3F7D0E407D,2025-04-06 13:03:54,Vessel Discharge,CNT-0006,APLU8460758,45G1,2,Dry,Full,29.6,Heavy,Land-Side,N/A,V083,VOY-2504-KOC-83,Kochi,3,2025-04-06 11:15:00,2025-04-06 11:43:00,2025-04-06 16:15:00,import_container,Yard In,Vessel,V083,Yard,Land-Side,N/A,N/A,0,QC-01,QC,0,OP-003,JOB-5FA64586,2025-04-06 13:03:00,2025-04-06 13:03:54,0,0,N/A,Import discharge from Kochi service,In Transit,0,Planned,Optimal,0,0,0,56.6,24.8,Low
467,MOV-3416741E4F,2025-04-06 13:36:36,Yard In,CNT-0006,APLU8460758,45G1,2,Dry,Full,29.6,Heavy,Land-Side,N/A,V083,VOY-2504-KOC-83,Kochi,3,2025-04-06 11:15:00,2025-04-06 11:11:00,2025-04-06 16:15:00,import_container,Yard In,Yard,Land-Side,Block,LS1-B1-11-02-2,LS1-B1,11-02,2,RTG-01,RTG,0,OP-003,JOB-5FA64586,2025-04-06 13:36:00,2025-04-06 13:36:36,0,0,N/A,Initial yard positioning,In Transit,33,Planned,Optimal,0,0,33,60.3,24.8,Medium
468,MOV-13BDF6E240,2025-04-06 13:49:09,Stack,CNT-0006,APLU8460758,45G1,2,Dry,Full,29.6,Heavy,Land-Side,N/A,V083,VOY-2504-KOC-83,Kochi,3,2025-04-06 11:15:00,2025-04-06 11:01:00,2025-04-06 16:15:00,import_container,Stack,Block,LS1-B1-11-02-2,Block,LS2-B3-05-07-1,LS2-B3,05-07,1,RTG-02,RTG,1,OP-018,JOB-5FA64586,2025-04-06 13:49:00,2025-04-06 13:49:09,0,0,N/A,Yard stacking for storage,In Yard,13,Planned,Optimal,0,0,46,55.8,17.9,Low
469,MOV-EE69B905D3,2025-04-06 13:58:08,Unstack,CNT-0006,APLU8460758,45G1,2,Dry,Full,29.6,Heavy,Land-Side,N/A,V083,VOY-2504-KOC-83,Kochi,3,2025-04-06 11:15:00,2025-04-06 10:46:00,2025-04-06 16:15:00,import_container,Unstack,Block,LS2-B3-05-07-1,Yard,LS2-B3-GROUND,LS2-B3,GROUND,0,RTG-01,RTG,0,OP-012,JOB-5FA64586,2025-04-06 13:58:00,2025-04-06 13:58:08,0,0,N/A,Retrieval for repositioning,On Ground,9,Planned,Suboptimal,0,0,55,58.2,38,Low
470,MOV-3FF26C24D8,2025-04-06 14:38:07,Yard Shift,CNT-0006,APLU8460758,45G1,2,Dry,Full,29.6,Heavy,Land-Side,N/A,V083,VOY-2504-KOC-83,Kochi,3,2025-04-06 11:15:00,2025-04-06 10:53:00,2025-04-06 16:15:00,import_container,Transfer,Block,LS2-B3-GROUND,Block,SS3-B1-05-06-4,SS3-B1,05-06,4,RTG-01,RTG,0,OP-016,JOB-5FA64586,2025-04-06 14:38:00,2025-04-06 14:38:07,0,0,N/A,Zone optimization movement,In Yard,40,Planned,Suboptimal,0,0,95,79.9,43.2,Medium
471,MOV-803602323D,2025-04-06 14:50:01,Stack,CNT-0006,APLU8460758,45G1,2,Dry,Full,29.6,Heavy,Land-Side,N/A,V083,VOY-2504-KOC-83,Kochi,3,2025-04-06 11:15:00,2025-04-06 10:52:00,2025-04-06 16:15:00,import_container,Stack,Block,SS3-B1-05-06-4,Block,LS2-B5-02-06-3,LS2-B5,02-06,3,RTG-01,RTG,3,OP-016,JOB-5FA64586,2025-04-06 14:50:00,2025-04-06 14:50:01,0,0,N/A,Yard stacking for storage,In Yard,12,Planned,Optimal,0,0,107,79.4,62.9,Medium
472,MOV-A5F8F93FE6,2025-04-07 13:12:24,Gate In,CNT-0021,EGLV2413458,22G1,1,Dry,Full,24.5,Heavy,Sea-Side,SB416302,V085,VOY-2504-CLB-85,Colombo,1,2025-04-10 07:00:00,2025-04-10 06:44:00,2025-04-10 13:00:00,export_container,Gate In,Gate,GATE-4,Yard,Sea-Side,N/A,N/A,0,TT-02,internal truck,0,OP-008,JOB-585D406F,2025-04-07 13:12:00,2025-04-07 13:12:24,0,0,N/A,Export cargo arrival from CFS/ICD,In Transit,0,Planned,Optimal,0,0,0,52.4,24.8,Low
473,MOV-59B7352309,2025-04-07 14:03:34,Yard In,CNT-0021,EGLV2413458,22G1,1,Dry,Full,24.5,Heavy,Sea-Side,SB416302,V085,VOY-2504-CLB-85,Colombo,1,2025-04-10 07:00:00,2025-04-10 07:57:00,2025-04-10 13:00:00,export_container,Yard In,Yard,Sea-Side,Block,SS3-B3-05-04-4,SS3-B3,05-04,4,RTG-03,RTG,0,OP-006,JOB-585D406F,2025-04-07 14:03:00,2025-04-07 14:03:34,0,0,N/A,Initial yard positioning,In Transit,51,Planned,Optimal,0,0,51,74.7,29.9,Medium
474,MOV-D0DA1B66E5,2025-04-07 14:15:45,Stack,CNT-0021,EGLV2413458,22G1,1,Dry,Full,24.5,Heavy,Sea-Side,SB416302,V085,VOY-2504-CLB-85,Colombo,1,2025-04-10 07:00:00,2025-04-10 07:34:00,2025-04-10 13:00:00,export_container,Stack,Block,SS3-B3-05-04-4,Block,SS3-B2-02-01-4,SS3-B2,02-01,4,RTG-03,RTG,4,OP-014,JOB-585D406F,2025-04-07 14:15:00,2025-04-07 14:15:45,0,0,N/A,Yard stacking for storage,In Yard,12,Planned,Optimal,0,0,63,69.1,46.6,Medium
475,MOV-3FD655DA5E,2025-04-07 14:26:05,Unstack,CNT-0021,EGLV2413458,22G1,1,Dry,Full,24.5,Heavy,Sea-Side,SB416302,V085,VOY-2504-CLB-85,Colombo,1,2025-04-10 07:00:00,2025-04-10 07:09:00,2025-04-10 13:00:00,export_container,Unstack,Block,SS3-B2-02-01-4,Yard,SS3-B2-GROUND,SS3-B2,GROUND,0,RTG-03,RTG,0,OP-003,JOB-585D406F,2025-04-07 14:26:00,2025-04-07 14:26:05,0,0,N/A,Retrieval for repositioning,On Ground,11,Planned,Suboptimal,0,0,74,73.2,41,Medium
476,MOV-B4FA17B8F9,2025-04-07 14:57:54,Yard Shift,CNT-0021,EGLV2413458,22G1,1,Dry,Full,24.5,Heavy,Sea-Side,SB416302,V085,VOY-2504-CLB-85,Colombo,1,2025-04-10 07:00:00,2025-04-10 07:00:00,2025-04-10 13:00:00,export_container,Transfer,Block,SS3-B2-GROUND,Block,SS5-B1-10-06-4,SS5-B1,10-06,4,RTG-03,RTG,0,OP-002,JOB-585D406F,2025-04-07 14:57:00,2025-04-07 14:57:54,0,0,N/A,Zone optimization movement,In Yard,31,Planned,Suboptimal,0,0,105,68.6,38.1,Medium
477,MOV-65F21C3E7B,2025-04-07 15:05:31,Stack,CNT-0021,EGLV2413458,22G1,1,Dry,Full,24.5,Heavy,Sea-Side,SB416302,V085,VOY-2504-CLB-85,Colombo,1,2025-04-10 07:00:00,2025-04-10 07:14:00,2025-04-10 13:00:00,export_container,Stack,Block,SS5-B1-10-06-4,Block,SS3-B2-04-01-2,SS3-B2,04-01,2,RTG-04,RTG,2,OP-017,JOB-585D406F,2025-04-07 15:05:00,2025-04-07 15:05:31,0,0,N/A,Yard stacking for storage,In Yard,8,Planned,Suboptimal,0,0,113,64.7,57.9,Medium
478,MOV-A49392C779,2025-04-07 15:18:55,Unstack,CNT-0021,EGLV2413458,22G1,1,Dry,Full,24.5,Heavy,Sea-Side,SB416302,V085,VOY-2504-CLB-85,Colombo,1,2025-04-10 07:00:00,2025-04-10 07:04:00,2025-04-10 13:00:00,export_container,Unstack,Block,SS3-B2-04-01-2,Yard,SS3-B2-GROUND,SS3-B2,GROUND,0,RTG-03,RTG,0,OP-004,JOB-585D406F,2025-04-07 15:18:00,2025-04-07 15:18:55,0,0,N/A,Retrieval for repositioning,On Ground,13,Planned,Suboptimal,0,0,126,68.6,36.1,Medium
479,MOV-F3503D978F,2025-04-07 15:41:24,Gate In,CNT-0036,HLCU7044941,22G1,1,Dry,Full,13.1,Medium,Sea-Side,SB734992,V087,VOY-2504-KOC-87,Kochi,3,2025-04-10 14:16:00,2025-04-10 15:04:00,2025-04-10 19:16:00,export_container,Gate In,Gate,GATE-8,Yard,Sea-Side,N/A,N/A,0,TT-02,internal truck,0,OP-010,JOB-36520A21,2025-04-07 15:41:00,2025-04-07 15:41:24,0,0,N/A,Export cargo arrival from CFS/ICD,In Transit,0,Planned,Optimal,0,0,0,73.4,34.7,Medium
480,MOV-DB28E632A8,2025-04-07 15:57:23,Yard Shift,CNT-0021,EGLV2413458,22G1,1,Dry,Full,24.5,Heavy,Sea-Side,SB416302,V085,VOY-2504-CLB-85,Colombo,1,2025-04-10 07:00:00,2025-04-10 06:37:00,2025-04-10 13:00:00,export_container,Transfer,Block,SS3-B2-GROUND,Block,SS3-B5-03-04-4,SS3-B5,03-04,4,RTG-03,RTG,0,OP-016,JOB-585D406F,2025-04-07 15:57:00,2025-04-07 15:57:23,0,0,N/A,Zone optimization movement,In Yard,39,Planned,Suboptimal,0,0,165,73.2,40.1,Medium
481,MOV-0E0E92ABAA,2025-04-07 16:11:30,Stack,CNT-0021,EGLV2413458,22G1,1,Dry,Full,24.5,Heavy,Sea-Side,SB416302,V085,VOY-2504-CLB-85,Colombo,1,2025-04-10 07:00:00,2025-04-10 07:16:00,2025-04-10 13:00:00,export_container,Stack,Block,SS3-B5-03-04-4,Block,SS1-B2-17-01-1,SS1-B2,17-01,1,RTG-03,RTG,1,OP-013,JOB-585D406F,2025-04-07 16:11:00,2025-04-07 16:11:30,0,0,N/A,Yard stacking for storage,In Yard,14,Planned,Optimal,0,0,179,68.9,43.2,Medium
482,MOV-40A43FA481,2025-04-07 16:30:05,Yard In,CNT-0036,HLCU7044941,22G1,1,Dry,Full,13.1,Medium,Sea-Side,SB734992,V087,VOY-2504-KOC-87,Kochi,3,2025-04-10 14:16:00,2025-04-10 14:06:00,2025-04-10 19:16:00,export_container,Yard In,Yard,Sea-Side,Block,SS3-B4-20-05-4,SS3-B4,20-05,4,RTG-02,RTG,0,OP-011,JOB-36520A21,2025-04-07 16:30:00,2025-04-07 16:30:05,0,0,N/A,Initial yard positioning,In Transit,49,Planned,Optimal,0,0,49,69.9,37.9,Medium
483,MOV-2DA75D741B,2025-04-07 16:38:28,Stack,CNT-0036,HLCU7044941,22G1,1,Dry,Full,13.1,Medium,Sea-Side,SB734992,V087,VOY-2504-KOC-87,Kochi,3,2025-04-10 14:16:00,2025-04-10 14:38:00,2025-04-10 19:16:00,export_container,Stack,Block,SS3-B4-20-05-4,Block,SS4-B3-15-07-3,SS4-B3,15-07,3,RTG-02,RTG,3,OP-006,JOB-36520A21,2025-04-07 16:38:00,2025-04-07 16:38:28,0,0,N/A,Yard stacking for storage,In Yard,8,Planned,Optimal,0,0,57,67.5,51.2,Medium
484,MOV-E31B221334,2025-04-07 16:45:44,Unstack,CNT-0036,HLCU7044941,22G1,1,Dry,Full,13.1,Medium,Sea-Side,SB734992,V087,VOY-2504-KOC-87,Kochi,3,2025-04-10 14:16:00,2025-04-10 13:56:00,2025-04-10 19:16:00,export_container,Unstack,Block,SS4-B3-15-07-3,Yard,SS4-B3-GROUND,SS4-B3,GROUND,0,RTG-03,RTG,0,OP-007,JOB-36520A21,2025-04-07 16:45:00,2025-04-07 16:45:44,0,0,N/A,Retrieval for repositioning,On Ground,7,Planned,Suboptimal,0,0,64,72.7,63.9,Medium
485,MOV-39996CDA0F,2025-04-07 17:00:20,Pre-Staging,CNT-0021,EGLV2413458,22G1,1,Dry,Full,24.5,Heavy,Sea-Side,SB416302,V085,VOY-2504-CLB-85,Colombo,1,2025-04-10 07:00:00,2025-04-10 07:04:00,2025-04-10 13:00:00,export_container,Yard Out,Block,SS1-B2-17-01-1,Block,SS4-B2-11-02-4,SS4-B2,11-02,4,RTG-03,RTG,4,OP-003,JOB-585D406F,2025-04-07 17:00:00,2025-04-07 17:00:20,0,0,N/A,Vessel cutoff preparation - VOY-2504-CLB-85,In Yard,49,Planned,Optimal,0,0,228,60.5,43.2,Medium
486,MOV-944AD8F87B,2025-04-07 17:05:16,Yard Shift,CNT-0036,HLCU7044941,22G1,1,Dry,Full,13.1,Medium,Sea-Side,SB734992,V087,VOY-2504-KOC-87,Kochi,3,2025-04-10 14:16:00,2025-04-10 15:05:00,2025-04-10 19:16:00,export_container,Transfer,Block,SS4-B3-GROUND,Block,SS1-B1-13-05-1,SS1-B1,13-05,1,RTG-02,RTG,0,OP-005,JOB-36520A21,2025-04-07 17:05:00,2025-04-07 17:05:16,0,0,N/A,Zone optimization movement,In Yard,20,Planned,Suboptimal,0,0,84,72.4,66.2,Medium
487,MOV-441C097B24,2025-04-07 17:11:22,Stack,CNT-0036,HLCU7044941,22G1,1,Dry,Full,13.1,Medium,Sea-Side,SB734992,V087,VOY-2504-KOC-87,Kochi,3,2025-04-10 14:16:00,2025-04-10 14:27:00,2025-04-10 19:16:00,export_container,Stack,Block,SS1-B1-13-05-1,Block,SS3-B4-05-02-2,SS3-B4,05-02,2,RTG-02,RTG,2,OP-016,JOB-36520A21,2025-04-07 17:11:00,2025-04-07 17:11:22,0,0,N/A,Yard stacking for storage,In Yard,6,Planned,Suboptimal,0,0,90,67.3,32.3,Medium
488,MOV-388B4B6F26,2025-04-07 17:23:34,Unstack,CNT-0036,HLCU7044941,22G1,1,Dry,Full,13.1,Medium,Sea-Side,SB734992,V087,VOY-2504-KOC-87,Kochi,3,2025-04-10 14:16:00,2025-04-10 14:08:00,2025-04-10 19:16:00,export_container,Unstack,Block,SS3-B4-05-02-2,Yard,SS3-B4-GROUND,SS3-B4,GROUND,0,RTG-02,RTG,0,OP-019,JOB-36520A21,2025-04-07 17:23:00,2025-04-07 17:23:34,0,0,N/A,Retrieval for repositioning,On Ground,12,Planned,Suboptimal,0,0,102,72,49.6,Medium
489,MOV-5314E0EC14,2025-04-07 17:33:33,Vessel Load,CNT-0021,EGLV2413458,22G1,1,Dry,Full,24.5,Heavy,Sea-Side,SB416302,V085,VOY-2504-CLB-85,Colombo,1,2025-04-10 07:00:00,2025-04-10 06:35:00,2025-04-10 13:00:00,export_container,Vessel Load,Block,SS4-B2-11-02-4,Vessel,V085,SS4-B2,N/A,0,QC-02,QC,0,OP-013,JOB-585D406F,2025-04-07 17:33:00,2025-04-07 17:33:33,0,0,N/A,Loading to Colombo service,Loaded,33,Planned,Optimal,0,0,261,70,66.1,Medium
490,MOV-E92E7F25F2,2025-04-07 17:57:05,Yard Shift,CNT-0036,HLCU7044941,22G1,1,Dry,Full,13.1,Medium,Sea-Side,SB734992,V087,VOY-2504-KOC-87,Kochi,3,2025-04-10 14:16:00,2025-04-10 14:42:00,2025-04-10 19:16:00,export_container,Transfer,Block,SS3-B4-GROUND,Block,SS5-B3-12-04-2,SS5-B3,12-04,2,RTG-02,RTG,0,OP-010,JOB-36520A21,2025-04-07 17:57:00,2025-04-07 17:57:05,0,0,N/A,Zone optimization movement,In Yard,34,Planned,Suboptimal,0,0,136,69.4,49.5,Medium
491,MOV-3F2F19A20C,2025-04-07 18:07:59,Stack,CNT-0036,HLCU7044941,22G1,1,Dry,Full,13.1,Medium,Sea-Side,SB734992,V087,VOY-2504-KOC-87,Kochi,3,2025-04-10 14:16:00,2025-04-10 14:48:00,2025-04-10 19:16:00,export_container,Stack,Block,SS5-B3-12-04-2,Block,SS5-B2-12-03-4,SS5-B2,12-03,4,RTG-03,RTG,4,OP-016,JOB-36520A21,2025-04-07 18:07:00,2025-04-07 18:07:59,0,0,N/A,Yard stacking for storage,In Yard,10,Planned,Suboptimal,0,0,146,53.5,55.7,Low
492,MOV-15FA0EF819,2025-04-07 18:16:50,Unstack,CNT-0036,HLCU7044941,22G1,1,Dry,Full,13.1,Medium,Sea-Side,SB734992,V087,VOY-2504-KOC-87,Kochi,3,2025-04-10 14:16:00,2025-04-10 13:46:00,2025-04-10 19:16:00,export_container,Unstack,Block,SS5-B2-12-03-4,Yard,SS5-B2-GROUND,SS5-B2,GROUND,0,RTG-02,RTG,0,OP-018,JOB-36520A21,2025-04-07 18:16:00,2025-04-07 18:16:50,0,0,N/A,Retrieval for repositioning,On Ground,9,Planned,Suboptimal,0,0,155,51,37.1,Low
493,MOV-DFDAD088EE,2025-04-07 18:37:16,Rehandle,CNT-0036,HLCU7044941,22G1,1,Dry,Full,13.1,Medium,Sea-Side,SB734992,V087,VOY-2504-KOC-87,Kochi,3,2025-04-10 14:16:00,2025-04-10 13:56:00,2025-04-10 19:16:00,export_container,Transfer,Yard,SS5-B2-GROUND,Block,SS2-B2-13-07-4,SS2-B2,13-07,4,RTG-02,RTG,0,OP-014,JOB-36520A21,2025-04-07 18:37:00,2025-04-07 18:37:16,0,0,N/A,Blocking container removal for access,In Yard,21,Forced,Suboptimal,1,1,176,50.9,37.1,Low
494,MOV-0602AF1CD3,2025-04-07 18:52:04,Stack,CNT-0036,HLCU7044941,22G1,1,Dry,Full,13.1,Medium,Sea-Side,SB734992,V087,VOY-2504-KOC-87,Kochi,3,2025-04-10 14:16:00,2025-04-10 14:09:00,2025-04-10 19:16:00,export_container,Stack,Block,SS2-B2-13-07-4,Block,SS3-B3-18-07-3,SS3-B3,18-07,3,RTG-02,RTG,3,OP-005,JOB-36520A21,2025-04-07 18:52:00,2025-04-07 18:52:04,0,0,N/A,Yard stacking for storage,In Yard,15,Planned,Optimal,0,1,191,54.6,37.1,Low
495,MOV-7BAC63E879,2025-04-07 19:59:03,Pre-Staging,CNT-0036,HLCU7044941,22G1,1,Dry,Full,13.1,Medium,Sea-Side,SB734992,V087,VOY-2504-KOC-87,Kochi,3,2025-04-10 14:16:00,2025-04-10 14:54:00,2025-04-10 19:16:00,export_container,Yard Out,Block,SS3-B3-18-07-3,Block,SS5-B4-07-03-1,SS5-B4,07-03,1,RTG-02,RTG,1,OP-001,JOB-36520A21,2025-04-07 19:59:00,2025-04-07 19:59:03,0,0,N/A,Vessel cutoff preparation - VOY-2504-KOC-87,In Yard,67,Planned,Optimal,0,1,258,52.5,40.9,Low
496,MOV-17C40287AE,2025-04-07 20:19:46,Vessel Load,CNT-0036,HLCU7044941,22G1,1,Dry,Full,13.1,Medium,Sea-Side,SB734992,V087,VOY-2504-KOC-87,Kochi,3,2025-04-10 14:16:00,2025-04-10 13:47:00,2025-04-10 19:16:00,export_container,Vessel Load,Block,SS5-B4-07-03-1,Vessel,V087,SS5-B4,N/A,0,QC-01,QC,0,OP-008,JOB-36520A21,2025-04-07 20:19:00,2025-04-07 20:19:46,0,0,N/A,Loading to Kochi service,Loaded,20,Planned,Optimal,0,1,278,57.5,30.4,Low
497,MOV-9C5D479D1A,2025-04-08 16:41:30,Gate In,CNT-0049,APLU8775431,22G0,1,Dry,Full,7.9,Light,Sea-Side,SB401663,V086,VOY-2504-JNPT-86,JNPT,2,2025-04-10 07:04:00,2025-04-10 07:46:00,2025-04-10 11:04:00,export_container,Gate In,Gate,GATE-6,Yard,Sea-Side,N/A,N/A,0,TT-03,internal truck,0,OP-014,JOB-E8D58227,2025-04-08 16:41:00,2025-04-08 16:41:30,0,0,N/A,Export cargo arrival from CFS/ICD,In Transit,0,Planned,Optimal,0,0,0,74.2,35.8,Medium
498,MOV-3299CD406F,2025-04-08 17:17:37,Yard In,CNT-0049,APLU8775431,22G0,1,Dry,Full,7.9,Light,Sea-Side,SB401663,V086,VOY-2504-JNPT-86,JNPT,2,2025-04-10 07:04:00,2025-04-10 06:41:00,2025-04-10 11:04:00,export_container,Yard In,Yard,Sea-Side,Block,SS5-B5-01-07-3,SS5-B5,01-07,3,RTG-01,RTG,0,OP-005,JOB-E8D58227,2025-04-08 17:17:00,2025-04-08 17:17:37,0,0,N/A,Initial yard positioning,In Transit,36,Planned,Optimal,0,0,36,71.2,31,Medium
499,MOV-714857C6D4,2025-04-08 17:27:59,Stack,CNT-0049,APLU8775431,22G0,1,Dry,Full,7.9,Light,Sea-Side,SB401663,V086,VOY-2504-JNPT-86,JNPT,2,2025-04-10 07:04:00,2025-04-10 06:43:00,2025-04-10 11:04:00,export_container,Stack,Block,SS5-B5-01-07-3,Block,SS3-B4-12-01-3,SS3-B4,12-01,3,RTG-01,RTG,3,OP-017,JOB-E8D58227,2025-04-08 17:27:00,2025-04-08 17:27:59,0,0,N/A,Yard stacking for storage,In Yard,10,Planned,Optimal,0,0,46,66.5,25.4,Medium
500,MOV-40F85E9B69,2025-04-08 17:35:20,Unstack,CNT-0049,APLU8775431,22G0,1,Dry,Full,7.9,Light,Sea-Side,SB401663,V086,VOY-2504-JNPT-86,JNPT,2,2025-04-10 07:04:00,2025-04-10 07:14:00,2025-04-10 11:04:00,export_container,Unstack,Block,SS3-B4-12-01-3,Yard,SS3-B4-GROUND,SS3-B4,GROUND,0,RTG-01,RTG,0,OP-010,JOB-E8D58227,2025-04-08 17:35:00,2025-04-08 17:35:20,0,0,N/A,Retrieval for repositioning,On Ground,8,Planned,Suboptimal,0,0,54,70.5,52.7,Medium
501,MOV-C8C61F9E71,2025-04-08 17:53:49,Rehandle,CNT-0049,APLU8775431,22G0,1,Dry,Full,7.9,Light,Sea-Side,SB401663,V086,VOY-2504-JNPT-86,JNPT,2,2025-04-10 07:04:00,2025-04-10 07:36:00,2025-04-10 11:04:00,export_container,Transfer,Yard,SS3-B4-GROUND,Block,SS2-B1-05-05-3,SS2-B1,05-05,3,RTG-01,RTG,0,OP-014,JOB-E8D58227,2025-04-08 17:53:00,2025-04-08 17:53:49,0,0,N/A,Blocking container removal for access,In Yard,18,Forced,Suboptimal,1,1,72,67.2,51,Medium
502,MOV-ADC8C679F7,2025-04-08 18:03:04,Stack,CNT-0049,APLU8775431,22G0,1,Dry,Full,7.9,Light,Sea-Side,SB401663,V086,VOY-2504-JNPT-86,JNPT,2,2025-04-10 07:04:00,2025-04-10 06:48:00,2025-04-10 11:04:00,export_container,Stack,Block,SS2-B1-05-05-3,Block,SS5-B2-07-07-1,SS5-B2,07-07,1,RTG-01,RTG,1,OP-005,JOB-E8D58227,2025-04-08 18:03:00,2025-04-08 18:03:04,0,0,N/A,Yard stacking for storage,In Yard,10,Planned,Optimal,0,1,82,58.1,40.2,Low
503,MOV-4333601C21,2025-04-08 18:35:45,Pre-Staging,CNT-0049,APLU8775431,22G0,1,Dry,Full,7.9,Light,Sea-Side,SB401663,V086,VOY-2504-JNPT-86,JNPT,2,2025-04-10 07:04:00,2025-04-10 07:12:00,2025-04-10 11:04:00,export_container,Yard Out,Block,SS5-B2-07-07-1,Block,SS4-B5-17-07-3,SS4-B5,17-07,3,RTG-01,RTG,3,OP-001,JOB-E8D58227,2025-04-08 18:35:00,2025-04-08 18:35:45,0,0,N/A,Vessel cutoff preparation - VOY-2504-JNPT-86,In Yard,32,Planned,Optimal,0,1,114,55.1,37.1,Low
504,MOV-1B5F30BDA3,2025-04-08 19:13:44,Vessel Load,CNT-0049,APLU8775431,22G0,1,Dry,Full,7.9,Light,Sea-Side,SB401663,V086,VOY-2504-JNPT-86,JNPT,2,2025-04-10 07:04:00,2025-04-10 07:03:00,2025-04-10 11:04:00,export_container,Vessel Load,Block,SS4-B5-17-07-3,Vessel,V086,SS4-B5,N/A,0,QC-01,QC,0,OP-010,JOB-E8D58227,2025-04-08 19:13:00,2025-04-08 19:13:44,0,0,N/A,Loading to JNPT service,Loaded,38,Planned,Optimal,0,1,152,60.9,22,Medium
505,MOV-C264DAAF7E,2025-04-09 04:00:20,Gate Out,CNT-0006,APLU8460758,45G1,2,Dry,Full,29.6,Heavy,Land-Side,N/A,V083,VOY-2504-KOC-83,Kochi,3,2025-04-06 11:15:00,2025-04-06 12:02:00,2025-04-06 16:15:00,import_container,Gate Out,Block,LS2-B5-02-06-3,Gate,GATE-2,LS2-B5,N/A,0,TT-01,internal truck,0,OP-005,JOB-5FA64586,2025-04-09 04:00:00,2025-04-09 04:00:20,0,0,N/A,Import delivery to consignee,Exited,3670,Planned,Optimal,0,0,3777,73.7,50,Medium
506,MOV-EA33203335,2025-04-09 06:15:23,Gate In,CNT-0011,MAEU7815076,42G1,2,Dry,Full,28.4,Heavy,Sea-Side,SB919264,V087,VOY-2504-KOC-87,Kochi,3,2025-04-10 14:16:00,2025-04-10 14:42:00,2025-04-10 19:16:00,export_container,Gate In,Gate,GATE-8,Yard,Sea-Side,N/A,N/A,0,TT-01,internal truck,0,OP-003,JOB-CCE53F0C,2025-04-09 06:15:00,2025-04-09 06:15:23,0,0,N/A,Export cargo arrival from CFS/ICD,In Transit,0,Planned,Optimal,0,0,0,70.1,24.8,Medium
507,MOV-0BD4C87E5F,2025-04-09 07:11:33,Yard In,CNT-0011,MAEU7815076,42G1,2,Dry,Full,28.4,Heavy,Sea-Side,SB919264,V087,VOY-2504-KOC-87,Kochi,3,2025-04-10 14:16:00,2025-04-10 14:35:00,2025-04-10 19:16:00,export_container,Yard In,Yard,Sea-Side,Block,SS3-B2-04-01-2,SS3-B2,04-01,2,RTG-01,RTG,0,OP-018,JOB-CCE53F0C,2025-04-09 07:11:00,2025-04-09 07:11:33,0,0,N/A,Initial yard positioning,In Transit,56,Planned,Optimal,0,0,56,65.7,24.8,Medium
508,MOV-B6CDB6FF98,2025-04-09 07:17:28,Stack,CNT-0011,MAEU7815076,42G1,2,Dry,Full,28.4,Heavy,Sea-Side,SB919264,V087,VOY-2504-KOC-87,Kochi,3,2025-04-10 14:16:00,2025-04-10 14:08:00,2025-04-10 19:16:00,export_container,Stack,Block,SS3-B2-04-01-2,Block,SS5-B3-16-02-1,SS5-B3,16-02,1,RTG-02,RTG,1,OP-015,JOB-CCE53F0C,2025-04-09 07:17:00,2025-04-09 07:17:28,0,0,N/A,Yard stacking for storage,In Yard,6,Planned,Optimal,0,0,62,66.8,29.8,Medium
509,MOV-6EE3457DED,2025-04-09 07:23:22,Unstack,CNT-0011,MAEU7815076,42G1,2,Dry,Full,28.4,Heavy,Sea-Side,SB919264,V087,VOY-2504-KOC-87,Kochi,3,2025-04-10 14:16:00,2025-04-10 15:16:00,2025-04-10 19:16:00,export_container,Unstack,Block,SS5-B3-16-02-1,Yard,SS5-B3-GROUND,SS5-B3,GROUND,0,RTG-01,RTG,0,OP-003,JOB-CCE53F0C,2025-04-09 07:23:00,2025-04-09 07:23:22,0,0,N/A,Retrieval for repositioning,On Ground,6,Planned,Suboptimal,0,0,68,77.4,55.7,Medium
510,MOV-4146F4C39D,2025-04-09 07:55:50,Yard Shift,CNT-0011,MAEU7815076,42G1,2,Dry,Full,28.4,Heavy,Sea-Side,SB919264,V087,VOY-2504-KOC-87,Kochi,3,2025-04-10 14:16:00,2025-04-10 14:03:00,2025-04-10 19:16:00,export_container,Transfer,Block,SS5-B3-GROUND,Block,SS2-B3-17-02-1,SS2-B3,17-02,1,RTG-01,RTG,0,OP-008,JOB-CCE53F0C,2025-04-09 07:55:00,2025-04-09 07:55:50,0,0,N/A,Zone optimization movement,In Yard,32,Planned,Suboptimal,0,0,100,74.4,55.7,Medium
511,MOV-156349A8AD,2025-04-09 08:07:45,Stack,CNT-0011,MAEU7815076,42G1,2,Dry,Full,28.4,Heavy,Sea-Side,SB919264,V087,VOY-2504-KOC-87,Kochi,3,2025-04-10 14:16:00,2025-04-10 14:47:00,2025-04-10 19:16:00,export_container,Stack,Block,SS2-B3-17-02-1,Block,SS5-B2-20-01-1,SS5-B2,20-01,1,RTG-01,RTG,1,OP-017,JOB-CCE53F0C,2025-04-09 08:07:00,2025-04-09 08:07:45,0,0,N/A,Yard stacking for storage,In Yard,12,Planned,Optimal,0,0,112,73.2,40.2,Medium
512,MOV-A479EE2D7B,2025-04-09 08:18:43,Unstack,CNT-0011,MAEU7815076,42G1,2,Dry,Full,28.4,Heavy,Sea-Side,SB919264,V087,VOY-2504-KOC-87,Kochi,3,2025-04-10 14:16:00,2025-04-10 14:52:00,2025-04-10 19:16:00,export_container,Unstack,Block,SS5-B2-20-01-1,Yard,SS5-B2-GROUND,SS5-B2,GROUND,0,RTG-01,RTG,0,OP-012,JOB-CCE53F0C,2025-04-09 07:39:00,2025-04-09 08:18:43,39,0,N/A,Retrieval for repositioning,On Ground,11,Planned,Suboptimal,0,0,123,80.3,51.9,High
513,MOV-F58D828190,2025-04-09 08:37:19,Yard Shift,CNT-0011,MAEU7815076,42G1,2,Dry,Full,28.4,Heavy,Sea-Side,SB919264,V087,VOY-2504-KOC-87,Kochi,3,2025-04-10 14:16:00,2025-04-10 14:07:00,2025-04-10 19:16:00,export_container,Transfer,Block,SS5-B2-GROUND,Block,SS2-B4-17-07-1,SS2-B4,17-07,1,RTG-01,RTG,0,OP-006,JOB-CCE53F0C,2025-04-09 08:37:00,2025-04-09 08:37:19,0,0,N/A,Zone optimization movement,In Yard,19,Forced,Forced,0,0,142,84.5,44,High
514,MOV-DD246D9841,2025-04-09 08:47:39,Stack,CNT-0011,MAEU7815076,42G1,2,Dry,Full,28.4,Heavy,Sea-Side,SB919264,V087,VOY-2504-KOC-87,Kochi,3,2025-04-10 14:16:00,2025-04-10 14:54:00,2025-04-10 19:16:00,export_container,Stack,Block,SS2-B4-17-07-1,Block,SS3-B1-09-02-3,SS3-B1,09-02,3,RTG-01,RTG,3,OP-003,JOB-CCE53F0C,2025-04-09 08:47:00,2025-04-09 08:47:39,0,0,N/A,Yard stacking for storage,In Yard,10,Forced,Suboptimal,0,0,152,84.2,59.3,High
515,MOV-309BBF597C,2025-04-09 10:21:41,Pre-Staging,CNT-0011,MAEU7815076,42G1,2,Dry,Full,28.4,Heavy,Sea-Side,SB919264,V087,VOY-2504-KOC-87,Kochi,3,2025-04-10 14:16:00,2025-04-10 14:12:00,2025-04-10 19:16:00,export_container,Yard Out,Block,SS3-B1-09-02-3,Block,SS5-B5-11-07-1,SS5-B5,11-07,1,RTG-01,RTG,1,OP-019,JOB-CCE53F0C,2025-04-09 09:55:00,2025-04-09 10:21:41,26,0,N/A,Vessel cutoff preparation - VOY-2504-KOC-87,In Yard,94,Planned,Optimal,0,0,246,80.9,63.5,High
516,MOV-C4FFACD66B,2025-04-09 10:49:19,Vessel Load,CNT-0011,MAEU7815076,42G1,2,Dry,Full,28.4,Heavy,Sea-Side,SB919264,V087,VOY-2504-KOC-87,Kochi,3,2025-04-10 14:16:00,2025-04-10 14:47:00,2025-04-10 19:16:00,export_container,Vessel Load,Block,SS5-B5-11-07-1,Vessel,V087,SS5-B5,N/A,0,QC-01,QC,0,OP-008,JOB-CCE53F0C,2025-04-09 10:49:00,2025-04-09 10:49:19,0,0,N/A,Loading to Kochi service,Loaded,28,Planned,Optimal,0,0,274,79.7,30.3,Medium
517,MOV-45682BF2AD,2025-04-10 08:55:58,Vessel Discharge,CNT-0041,COSU6240913,22G1,1,Dry,Full,18.4,Medium,Land-Side,N/A,V088,VOY-2504-MUN-88,Mundra,4,2025-04-10 07:56:00,2025-04-10 07:44:00,2025-04-10 12:56:00,import_container,Yard In,Vessel,V088,Yard,Land-Side,N/A,N/A,0,QC-01,QC,0,OP-019,JOB-C618F6EB,2025-04-10 08:55:00,2025-04-10 08:55:58,0,0,N/A,Import discharge from Mundra service,In Transit,0,Planned,Optimal,0,0,0,78,38.9,Medium
518,MOV-1C834C1EC7,2025-04-10 09:25:20,Yard In,CNT-0041,COSU6240913,22G1,1,Dry,Full,18.4,Medium,Land-Side,N/A,V088,VOY-2504-MUN-88,Mundra,4,2025-04-10 07:56:00,2025-04-10 08:18:00,2025-04-10 12:56:00,import_container,Yard In,Yard,Land-Side,Block,LS3-B7-05-06-1,LS3-B7,05-06,1,RTG-02,RTG,0,OP-014,JOB-C618F6EB,2025-04-10 09:25:00,2025-04-10 09:25:20,0,0,N/A,Initial yard positioning,In Transit,30,Planned,Optimal,0,0,30,79.5,31,Medium
519,MOV-CC761494C0,2025-04-10 09:34:38,Stack,CNT-0041,COSU6240913,22G1,1,Dry,Full,18.4,Medium,Land-Side,N/A,V088,VOY-2504-MUN-88,Mundra,4,2025-04-10 07:56:00,2025-04-10 08:38:00,2025-04-10 12:56:00,import_container,Stack,Block,LS3-B7-05-06-1,Block,LS3-B2-07-01-2,LS3-B2,07-01,2,RTG-03,RTG,2,OP-020,JOB-C618F6EB,2025-04-10 09:07:00,2025-04-10 09:34:38,27,0,N/A,Yard stacking for storage,In Yard,9,Forced,Suboptimal,0,0,39,82.3,73.4,High
520,MOV-74985A6AC6,2025-04-10 09:42:30,Unstack,CNT-0041,COSU6240913,22G1,1,Dry,Full,18.4,Medium,Land-Side,N/A,V088,VOY-2504-MUN-88,Mundra,4,2025-04-10 07:56:00,2025-04-10 07:43:00,2025-04-10 12:56:00,import_container,Unstack,Block,LS3-B2-07-01-2,Yard,LS3-B2-GROUND,LS3-B2,GROUND,0,RTG-02,RTG,0,OP-017,JOB-C618F6EB,2025-04-10 09:42:00,2025-04-10 09:42:30,0,0,N/A,Retrieval for repositioning,On Ground,8,Planned,Suboptimal,0,0,47,75.1,28.7,Medium
521,MOV-C4BCDE5F83,2025-04-10 10:24:02,Yard Shift,CNT-0041,COSU6240913,22G1,1,Dry,Full,18.4,Medium,Land-Side,N/A,V088,VOY-2504-MUN-88,Mundra,4,2025-04-10 07:56:00,2025-04-10 08:18:00,2025-04-10 12:56:00,import_container,Transfer,Block,LS3-B2-GROUND,Block,SS4-B4-05-02-2,SS4-B4,05-02,2,RTG-02,RTG,0,OP-001,JOB-C618F6EB,2025-04-10 10:24:00,2025-04-10 10:24:02,0,0,N/A,Zone optimization movement,In Yard,42,Planned,Suboptimal,0,0,89,79.7,36.4,Medium
522,MOV-4C7C984B86,2025-04-10 10:33:56,Stack,CNT-0041,COSU6240913,22G1,1,Dry,Full,18.4,Medium,Land-Side,N/A,V088,VOY-2504-MUN-88,Mundra,4,2025-04-10 07:56:00,2025-04-10 07:57:00,2025-04-10 12:56:00,import_container,Stack,Block,SS4-B4-05-02-2,Block,LS2-B1-06-04-4,LS2-B1,06-04,4,RTG-02,RTG,4,OP-014,JOB-C618F6EB,2025-04-10 09:54:00,2025-04-10 10:33:56,39,0,N/A,Yard stacking for storage,In Yard,9,Forced,Suboptimal,0,0,98,82.5,27.2,High
523,MOV-CE2E8196FB,2025-04-12 18:22:39,Gate Out,CNT-0041,COSU6240913,22G1,1,Dry,Full,18.4,Medium,Land-Side,N/A,V088,VOY-2504-MUN-88,Mundra,4,2025-04-10 07:56:00,2025-04-10 08:39:00,2025-04-10 12:56:00,import_container,Gate Out,Block,LS2-B1-06-04-4,Gate,GATE-6,LS2-B1,N/A,0,TT-02,internal truck,0,OP-020,JOB-C618F6EB,2025-04-12 18:22:00,2025-04-12 18:22:39,0,0,N/A,Import delivery to consignee,Exited,3349,Planned,Optimal,0,0,3447,66.8,25.2,Medium
524,MOV-63C5D08338,2025-04-14 11:30:52,Gate In,CNT-0013,APLU6029651,22G0,1,Dry,Empty,3.2,Light,Land-Side,N/A,V089,VOY-2504-CLB-89,Colombo,1,2025-04-14 08:28:00,2025-04-14 09:25:00,2025-04-14 14:28:00,empty,Gate In,Gate,GATE-7,Yard,Land-Side,N/A,N/A,0,TT-01,internal truck,0,OP-008,JOB-EDB6024F,2025-04-14 11:30:00,2025-04-14 11:30:52,0,0,N/A,Empty return,In Transit,0,Planned,Optimal,0,0,0,70.4,34.6,Medium
525,MOV-C6405E96F5,2025-04-14 11:52:46,Yard In,CNT-0013,APLU6029651,22G0,1,Dry,Empty,3.2,Light,Land-Side,N/A,V089,VOY-2504-CLB-89,Colombo,1,2025-04-14 08:28:00,2025-04-14 08:05:00,2025-04-14 14:28:00,empty,Yard In,Yard,Land-Side,Block,LS4-B6-14-05-4,LS4-B6,14-05,4,RTG-01,RTG,0,OP-005,JOB-EDB6024F,2025-04-14 11:52:00,2025-04-14 11:52:46,0,0,N/A,Initial yard positioning,In Transit,22,Planned,Optimal,0,0,22,68,34,Medium
526,MOV-F1929184BE,2025-04-14 12:05:43,Stack,CNT-0013,APLU6029651,22G0,1,Dry,Empty,3.2,Light,Land-Side,N/A,V089,VOY-2504-CLB-89,Colombo,1,2025-04-14 08:28:00,2025-04-14 09:25:00,2025-04-14 14:28:00,empty,Stack,Block,LS4-B6-14-05-4,Block,LS4-B6-15-05-3,LS4-B6,15-05,3,RTG-02,RTG,3,OP-009,JOB-EDB6024F,2025-04-14 11:05:00,2025-04-14 12:05:43,60,1,Yard congestion - no available slots in target block,Yard congestion - no available slots in target block,In Yard,13,Forced,Suboptimal,0,0,35,58,44.5,Low
527,MOV-AC44495288,2025-04-14 12:19:49,Unstack,CNT-0013,APLU6029651,22G0,1,Dry,Empty,3.2,Light,Land-Side,N/A,V089,VOY-2504-CLB-89,Colombo,1,2025-04-14 08:28:00,2025-04-14 08:34:00,2025-04-14 14:28:00,empty,Unstack,Block,LS4-B6-15-05-3,Yard,LS4-B6-GROUND,LS4-B6,GROUND,0,RTG-01,RTG,0,OP-007,JOB-EDB6024F,2025-04-14 12:19:00,2025-04-14 12:19:49,0,0,N/A,Retrieval for repositioning,On Ground,14,Planned,Suboptimal,0,0,49,53,44.5,Low
528,MOV-C860197F57,2025-04-14 12:56:52,Yard Shift,CNT-0013,APLU6029651,22G0,1,Dry,Empty,3.2,Light,Land-Side,N/A,V089,VOY-2504-CLB-89,Colombo,1,2025-04-14 08:28:00,2025-04-14 08:42:00,2025-04-14 14:28:00,empty,Transfer,Block,LS4-B6-GROUND,Block,SS3-B3-04-05-4,SS3-B3,04-05,4,RTG-01,RTG,0,OP-005,JOB-EDB6024F,2025-04-14 12:56:00,2025-04-14 12:56:52,0,0,N/A,Zone optimization movement,In Yard,37,Planned,Suboptimal,0,0,86,61.5,44.5,Medium
529,MOV-E71BC64A9C,2025-04-14 13:05:08,Stack,CNT-0013,APLU6029651,22G0,1,Dry,Empty,3.2,Light,Land-Side,N/A,V089,VOY-2504-CLB-89,Colombo,1,2025-04-14 08:28:00,2025-04-14 08:11:00,2025-04-14 14:28:00,empty,Stack,Block,SS3-B3-04-05-4,Block,LS4-B7-07-02-3,LS4-B7,07-02,3,RTG-01,RTG,3,OP-020,JOB-EDB6024F,2025-04-14 13:05:00,2025-04-14 13:05:08,0,0,N/A,Yard stacking for storage,In Yard,9,Planned,Optimal,0,0,95,53.5,40.9,Low
530,MOV-B7D7FBA9CA,2025-04-14 13:19:03,Unstack,CNT-0013,APLU6029651,22G0,1,Dry,Empty,3.2,Light,Land-Side,N/A,V089,VOY-2504-CLB-89,Colombo,1,2025-04-14 08:28:00,2025-04-14 08:10:00,2025-04-14 14:28:00,empty,Unstack,Block,LS4-B7-07-02-3,Yard,LS4-B7-GROUND,LS4-B7,GROUND,0,RTG-01,RTG,0,OP-014,JOB-EDB6024F,2025-04-14 13:19:00,2025-04-14 13:19:03,0,0,N/A,Retrieval for repositioning,On Ground,14,Planned,Suboptimal,0,0,109,59,43,Low
531,MOV-CBD1D644DC,2025-04-14 13:39:18,Rehandle,CNT-0013,APLU6029651,22G0,1,Dry,Empty,3.2,Light,Land-Side,N/A,V089,VOY-2504-CLB-89,Colombo,1,2025-04-14 08:28:00,2025-04-14 08:39:00,2025-04-14 14:28:00,empty,Transfer,Yard,LS4-B7-GROUND,Block,LS4-B7-16-04-2,LS4-B7,16-04,2,RTG-01,RTG,0,OP-010,JOB-EDB6024F,2025-04-14 13:39:00,2025-04-14 13:39:18,0,0,N/A,Blocking container removal for access,In Yard,20,Forced,Suboptimal,1,1,129,59.1,43,Low
532,MOV-5105F3C4F6,2025-04-14 13:54:25,Stack,CNT-0013,APLU6029651,22G0,1,Dry,Empty,3.2,Light,Land-Side,N/A,V089,VOY-2504-CLB-89,Colombo,1,2025-04-14 08:28:00,2025-04-14 09:01:00,2025-04-14 14:28:00,empty,Stack,Block,LS4-B7-16-04-2,Block,LS4-B6-14-07-2,LS4-B6,14-07,2,RTG-01,RTG,2,OP-006,JOB-EDB6024F,2025-04-14 13:54:00,2025-04-14 13:54:25,0,0,N/A,Yard stacking for storage,In Yard,15,Planned,Optimal,0,1,144,53.3,43,Low
